tweet_id,source,target,tweet_date,is_verified,views,likes,retweets,replies,language,has_media,tweet_text
2027486177360539721,@JenioQuadros_,@JefinhoMenes,2026-02-27T20:49:08.000Z,False,92,2,0,0,pt,False,"Cuidado, vai que ele pensa em taxar o PIX."
2027486177360539721,@JenioQuadros_,@authenticity,2026-02-27T20:49:08.000Z,False,92,2,0,0,pt,False,"Cuidado, vai que ele pensa em taxar o PIX."
2027482566165479929,@_OnlySeth_,@NikolleBrasil,2026-02-27T20:34:47.000Z,False,14,1,0,1,pt,False,"E o que eu quero te dizer que é a ""verdadeira"" direita age exatamente como o político de esquerda médio. Não estou querendo que você não vote no Flávio, mas que tenha noção que momentaneamente, sua escolha não importa. Atacaram a tentativa de taxar o Pix, mas tentaram também"
2027482566165479929,@_OnlySeth_,@NauinT,2026-02-27T20:34:47.000Z,False,14,1,0,1,pt,False,"E o que eu quero te dizer que é a ""verdadeira"" direita age exatamente como o político de esquerda médio. Não estou querendo que você não vote no Flávio, mas que tenha noção que momentaneamente, sua escolha não importa. Atacaram a tentativa de taxar o Pix, mas tentaram também"
2027479052844478640,@An0nyma7o_,@nikolas_dm,2026-02-27T20:20:49.000Z,False,74,0,0,1,pt,False,"Não é para comemorar, esqueceu da ""taxação do PIX""?
Estão apenas deixando a situação esfriar."
2027479052844478640,@An0nyma7o_,@camomila_gg,2026-02-27T20:20:49.000Z,False,74,0,0,1,pt,False,"Não é para comemorar, esqueceu da ""taxação do PIX""?
Estão apenas deixando a situação esfriar."
2027476696727781565,@MathMR18,@Metropoles,2026-02-27T20:11:27.000Z,False,30,0,0,0,pt,False,"Vão falar que é fake News e daqui uns meses colocam a taxação, igual do pix"
2027475385059827778,@CrysthianNs,@ErikakHilton,2026-02-27T20:06:15.000Z,False,7,0,0,0,pt,False,Tu quer pix na sua conta né kkkk pra vcs taxar é gastar dinheiro do povo né kkkkkkkkk
2027473206760632792,@naan_souza7,@nikolas_dm,2026-02-27T19:57:35.000Z,False,124,0,0,0,pt,False,Vc faz mais pelo Brasil do que o presidente. Uma pena que daqui 3 meses eles enfiam esse imposto no cu dos outros de outra forma como foi o pix de 5 mil
2027468934018900392,@grok,@LuizDaCruzIdios,2026-02-27T19:40:37.000Z,True,34,0,0,0,pt,False,"Sim, mas sem taxação direta no Pix: não há imposto automático sobre transferências eletrônicas que ""excedam isenção"". O limite de R$ 5 mil é para isenção mensal de retenção na fonte em rendimentos (válido em 2026). A Receita cruza totais agregados de movimentações bancárias (> R$"
2027468934018900392,@grok,@MolonLabve,2026-02-27T19:40:37.000Z,True,34,0,0,0,pt,False,"Sim, mas sem taxação direta no Pix: não há imposto automático sobre transferências eletrônicas que ""excedam isenção"". O limite de R$ 5 mil é para isenção mensal de retenção na fonte em rendimentos (válido em 2026). A Receita cruza totais agregados de movimentações bancárias (> R$"
2027468934018900392,@grok,@JoaquinTeixeira,2026-02-27T19:40:37.000Z,True,34,0,0,0,pt,False,"Sim, mas sem taxação direta no Pix: não há imposto automático sobre transferências eletrônicas que ""excedam isenção"". O limite de R$ 5 mil é para isenção mensal de retenção na fonte em rendimentos (válido em 2026). A Receita cruza totais agregados de movimentações bancárias (> R$"
2019725618737459308,@JeffersonA17611,,2026-02-06T10:51:26.000Z,False,5,0,0,0,pt,False,"SEM DINHEIRO NO GOVERO SEM CORRUPÇÃO 
           NÃO PAGO MAIS NADA PRO ESTADO 
                    IMPOSTO É ROUBO
                 VOTAR NÃO É OBRIGATÓRIO 
Ñ pago imposto-multa-taxa-contribuição 
 Não uso banco, cartão, nem PIX 
            O ESTADO É O INIMIGO"
2019665182285525027,@Ironizmo,@mspbra,2026-02-06T06:51:17.000Z,False,104,1,0,0,pt,False,"Ainda bem que deu tempo de aproveitar aquela promoção: produto com o dobro do preço, frete incluído grátis e imposto embutido, com 15% de desconto no Pix."
2019665182285525027,@Ironizmo,@authenticity,2026-02-06T06:51:17.000Z,False,104,1,0,0,pt,False,"Ainda bem que deu tempo de aproveitar aquela promoção: produto com o dobro do preço, frete incluído grátis e imposto embutido, com 15% de desconto no Pix."
2019573615931584689,@npcnewss,,2026-02-06T00:47:26.000Z,False,85,4,1,0,pt,True,"É tipo a ""fakenews"" do Pix: não vão taxar o Pix de cinco mil, mas vão investigar movimentação de Pix para taxar no imposto de renda."
2019535688572760234,@CarlosEdua35006,@LulaOficial,2026-02-05T22:16:43.000Z,False,27,1,0,0,pt,False,"MENSALÃO, PETROLAO, INSS, BANCO MÁSTER, TAXAÇÃO EXCESSIVA E MONITORAMENTO DO PIX PELA RECEITA FEDERAL, REALMENTE ESSE É O CARA.....DE PAU DO CAR@LH@."
2019535688572760234,@CarlosEdua35006,@CostaJr2023,2026-02-05T22:16:43.000Z,False,27,1,0,0,pt,False,"MENSALÃO, PETROLAO, INSS, BANCO MÁSTER, TAXAÇÃO EXCESSIVA E MONITORAMENTO DO PIX PELA RECEITA FEDERAL, REALMENTE ESSE É O CARA.....DE PAU DO CAR@LH@."
2019524720283058292,@LukazVidal,@PedroRonchi2,2026-02-05T21:33:08.000Z,False,13,0,0,0,pt,False,"Sobre Bolsonaro:
-Criação do Pix, que o governo atual queria taxar 
-Diminuiu impostos, diminuiu impostos dos combustíveis 
-Reformas administrativas e tributária. Onde governo era obrigado a economizar dinheiro com maior eficiência no gasto público... coisa que o atual liga fds"
2019458428934979795,@augustinho87,@Maubmarcon,2026-02-05T17:09:43.000Z,False,39,3,0,0,pt,False,Tem retardado que diz até hoje que ele iria destruir o agro e taxar o pix
2012308103279137276,@MineroDaMarinha,@grok,2026-01-16T23:36:53.000Z,False,28,0,0,1,pt,False,"@grok
 parece que esse rapaz tem algum déficit cognitivo, explique a ele o que significa esse trecho marcado de amarelo e porque isso não tem nada a ver com taxação de movimentações por pix."
2012308103279137276,@MineroDaMarinha,@ClaireDunphyBr,2026-01-16T23:36:53.000Z,False,28,0,0,1,pt,False,"@grok
 parece que esse rapaz tem algum déficit cognitivo, explique a ele o que significa esse trecho marcado de amarelo e porque isso não tem nada a ver com taxação de movimentações por pix."
2012308103279137276,@MineroDaMarinha,@RobertoBorba1,2026-01-16T23:36:53.000Z,False,28,0,0,1,pt,False,"@grok
 parece que esse rapaz tem algum déficit cognitivo, explique a ele o que significa esse trecho marcado de amarelo e porque isso não tem nada a ver com taxação de movimentações por pix."
2012307809077957046,@BrasilColosso,@PedroRonchi2,2026-01-16T23:35:43.000Z,False,88,0,0,1,pt,False,"@grok
 em algum momento do vídeo, o Nikolas Ferreira afirmou que o governo VAI SIM taxar o pix?"
2012307809077957046,@BrasilColosso,@grok,2026-01-16T23:35:43.000Z,False,88,0,0,1,pt,False,"@grok
 em algum momento do vídeo, o Nikolas Ferreira afirmou que o governo VAI SIM taxar o pix?"
2012307809077957046,@BrasilColosso,@authenticity,2026-01-16T23:35:43.000Z,False,88,0,0,1,pt,False,"@grok
 em algum momento do vídeo, o Nikolas Ferreira afirmou que o governo VAI SIM taxar o pix?"
2012307276283945114,@PretoDireito,@IvanValente,2026-01-16T23:33:36.000Z,False,4,0,0,0,pt,False,"Mentirosos contumazes são vocês mesmos, pq nao mostra então a parte onde ele fala sobre taxar o pix? Não mostra pq nao existe né, vcs rebatem a fake news que vcs mesmos criam, acham que o povo é trouxa."
2012306783511961860,@Paulo_2079,@PedroRonchi2,2026-01-16T23:31:38.000Z,False,7700,58,1,7,pt,False,"Exato. Muitos de nós já sabemos que a extrema direita está salivando pra taxar o Pix. Frequentemente, com essa gente, a acusação é uma confissão."
2012303332061138953,@goulart1967,@lindberghfarias,2026-01-16T23:17:55.000Z,False,1,0,0,0,pt,False,Quem falou taxação do PIX???
2012302470819541086,@jeangenet7,@PedroRonchi2,2026-01-16T23:14:30.000Z,False,2700,51,4,0,pt,False,"De 1989 a 2026, a mesma engenharia do medo.

Do confisco da poupança à ""taxação do Pix"": a matriz da desinformação é a mesma.
Um projeto político falido que só oferece pânico em vez de soluções.
A história não se repete como farsa, mas como uma fábrica de mentiras a todo vapor."
2012298826464235702,@JhonnyAll1,@terrordonordste,2026-01-16T23:00:01.000Z,False,5,0,0,0,pt,False,"Ninguém da, direita falou em taxar o pix, a mídia e a esquerda insiste nisso. A, direta alertou sobre o monitoramento do pix acima de 5mil,e a RF ira cruzar dados e começar a multar e cobrar 27,5% de imposto da dona Maria e Seu Zé que antes não declaravam. Foi avisado"
2004531679235584135,@marisol_alves,@blogdosakamoto,2025-12-26T12:36:09.000Z,False,21,0,0,0,pt,False,E o PIX? Que diziam que não haveria taxação? Vai entrar na conta do presidente que mais aumentou impostos nesse país?
2004380150251634996,@grok,@underJuh,2025-12-26T02:34:02.000Z,True,116,0,0,0,pt,False,"Não existe lei brasileira que obrigue nota fiscal para cada recebimento ou pagamento de R$10 via PIX a partir de janeiro de 2026. Isso é desinformação. Há monitoramento de movimentações acima de R$5 mil mensais pela Receita Federal para combater fraudes, mas sem taxação"
2004380150251634996,@grok,@vainico,2025-12-26T02:34:02.000Z,True,116,0,0,0,pt,False,"Não existe lei brasileira que obrigue nota fiscal para cada recebimento ou pagamento de R$10 via PIX a partir de janeiro de 2026. Isso é desinformação. Há monitoramento de movimentações acima de R$5 mil mensais pela Receita Federal para combater fraudes, mas sem taxação"
2004380150251634996,@grok,@LaudelinoRJ,2025-12-26T02:34:02.000Z,True,116,0,0,0,pt,False,"Não existe lei brasileira que obrigue nota fiscal para cada recebimento ou pagamento de R$10 via PIX a partir de janeiro de 2026. Isso é desinformação. Há monitoramento de movimentações acima de R$5 mil mensais pela Receita Federal para combater fraudes, mas sem taxação"
2004358898367750170,@errejota92,@MichelcleberRu5,2025-12-26T01:09:35.000Z,False,11,0,0,0,pt,False,"Com a quantidade exorbitante de dinheiro publico que vcs da direita usam COM EMENDAS SECRETAS VIA PIX (LEI CRIADA E SANCIONADA POR ELE), nao teve jeito, teve que almentar os impostos em bens e serviços, ja que vcs da doreita REPROVARAM A LEI QUR IA TAXAR OS MILIONAIOS."
2004358898367750170,@errejota92,@EddieNienhuis,2025-12-26T01:09:35.000Z,False,11,0,0,0,pt,False,"Com a quantidade exorbitante de dinheiro publico que vcs da direita usam COM EMENDAS SECRETAS VIA PIX (LEI CRIADA E SANCIONADA POR ELE), nao teve jeito, teve que almentar os impostos em bens e serviços, ja que vcs da doreita REPROVARAM A LEI QUR IA TAXAR OS MILIONAIOS."
2004358898367750170,@errejota92,@cleitinhotmj,2025-12-26T01:09:35.000Z,False,11,0,0,0,pt,False,"Com a quantidade exorbitante de dinheiro publico que vcs da direita usam COM EMENDAS SECRETAS VIA PIX (LEI CRIADA E SANCIONADA POR ELE), nao teve jeito, teve que almentar os impostos em bens e serviços, ja que vcs da doreita REPROVARAM A LEI QUR IA TAXAR OS MILIONAIOS."
2004358567911170065,@errejota92,@cleitinhotmj,2025-12-26T01:08:16.000Z,False,13,0,0,0,pt,False,"Com a quantidade exorbitante de dinheiro publico que vcs da direita usam COM EMENDAS SECRETAS VIA PIX (LEI CRIADA E SANCIONADA POR ELE), nao teve jeito, teve que almentar os impostos em bens e serviços, ja que vcs da doreita REPROVARAM A LEI QUR IA TAXAR OS MILIONAIOS."
1996751598090072168,@grok,@jairbolsonaro,2025-12-05T01:20:53.000Z,True,13,1,0,0,pt,False,"Após análise de fontes diversas como Reuters, Aos Fatos, BBC e sites oficiais, identifiquei 38 afirmações no texto. Destas, 7 são falsas ou enganosas (ex.: atribuição do PIX e extinção do imposto sindical, que começaram antes; valor errado do piso para técnicos de enfermagem;"
1996751598090072168,@grok,@CarlosBolsonaro,2025-12-05T01:20:53.000Z,True,13,1,0,0,pt,False,"Após análise de fontes diversas como Reuters, Aos Fatos, BBC e sites oficiais, identifiquei 38 afirmações no texto. Destas, 7 são falsas ou enganosas (ex.: atribuição do PIX e extinção do imposto sindical, que começaram antes; valor errado do piso para técnicos de enfermagem;"
1996751598090072168,@grok,@IsaiasAlbuq,2025-12-05T01:20:53.000Z,True,13,1,0,0,pt,False,"Após análise de fontes diversas como Reuters, Aos Fatos, BBC e sites oficiais, identifiquei 38 afirmações no texto. Destas, 7 são falsas ou enganosas (ex.: atribuição do PIX e extinção do imposto sindical, que começaram antes; valor errado do piso para técnicos de enfermagem;"
1996732969101529317,@maxvalenga,,2025-12-05T00:06:51.000Z,False,748,27,2,0,pt,True,"O que Andrade tá esperando pra fazer o imposto sobre grandes propinas???
Enquanto isso a classe média tá se cagando por movimentar 5k no Pix e não cair na receita"
1996729502815154206,@AparecidoPires9,@taoquei1,2025-12-04T23:53:05.000Z,False,37,0,0,1,pt,False,"A imprensa conseguiu de novo, todo mundo discutindo o que pode acontecer e esquecendo do que está acontecendo, reforma tributária, imposto sobre móvel, movimentação do Pix, CBI, fiquem aí discutindo, esquerda e direita, pois o nabo vai entrar no centro de todo mundo em 2026."
1996728964459499799,@AparecidoPires9,@fabifbbr,2025-12-04T23:50:57.000Z,False,42,0,0,1,pt,False,"A imprensa conseguiu de novo, todo mundo discutindo o que pode acontecer e esquecendo do que está acontecendo, reforma tributária, imposto sobre móvel, movimentação do Pix, CBI, fiquem aí discutindo, esquerda e direita, pois o nabo vai entrar no centro de todo mundo em 2026."
1988815988452913644,@perigosonerd1,@nikolas,2025-11-13T03:47:36.000Z,False,119,0,0,0,pt,True,"Olha ai #nikolas #direita #gado #bolsonaro #fakenews

Quem lembra dessa descabelada espalhando fake News sobre taxação e monitoramento do pix?"
1988815988452913644,@perigosonerd1,@gado,2025-11-13T03:47:36.000Z,False,119,0,0,0,pt,True,"Olha ai #nikolas #direita #gado #bolsonaro #fakenews

Quem lembra dessa descabelada espalhando fake News sobre taxação e monitoramento do pix?"
1988815988452913644,@perigosonerd1,@fakenews,2025-11-13T03:47:36.000Z,False,119,0,0,0,pt,True,"Olha ai #nikolas #direita #gado #bolsonaro #fakenews

Quem lembra dessa descabelada espalhando fake News sobre taxação e monitoramento do pix?"
1988815988452913644,@perigosonerd1,@bolsonaro,2025-11-13T03:47:36.000Z,False,119,0,0,0,pt,True,"Olha ai #nikolas #direita #gado #bolsonaro #fakenews

Quem lembra dessa descabelada espalhando fake News sobre taxação e monitoramento do pix?"
1988815988452913644,@perigosonerd1,@direita,2025-11-13T03:47:36.000Z,False,119,0,0,0,pt,True,"Olha ai #nikolas #direita #gado #bolsonaro #fakenews

Quem lembra dessa descabelada espalhando fake News sobre taxação e monitoramento do pix?"
1988726093193609559,@defoesccp,@EmbaixadaEUA,2025-11-12T21:50:24.000Z,False,691,6,0,0,pt,False,"Hi, its trump here, me devido a taxação fiquei sem café, me passa 20 dol no pix ai patriota."
1988721765493714956,@MarcosoFoca,@2026Enquetes,2025-11-12T21:33:12.000Z,False,177,1,0,1,pt,False,"Sobre o seu ""Paulo Guedes = Haddad"" é sim.
O vídeo do Nikoles sobre a ""taxação"" do Pix, ele não citou o Guedes, que foi o cara que quis taxar o Pix, de verdade."
1988721765493714956,@MarcosoFoca,@MBLivre,2025-11-12T21:33:12.000Z,False,177,1,0,1,pt,False,"Sobre o seu ""Paulo Guedes = Haddad"" é sim.
O vídeo do Nikoles sobre a ""taxação"" do Pix, ele não citou o Guedes, que foi o cara que quis taxar o Pix, de verdade."
1988721765493714956,@MarcosoFoca,@Variantnator,2025-11-12T21:33:12.000Z,False,177,1,0,1,pt,False,"Sobre o seu ""Paulo Guedes = Haddad"" é sim.
O vídeo do Nikoles sobre a ""taxação"" do Pix, ele não citou o Guedes, que foi o cara que quis taxar o Pix, de verdade."
1988676173854064845,@rflls,@authenticity,2025-11-12T18:32:02.000Z,False,27,0,0,0,pt,False,Essas empresas para sonegar imposto é uma graça.. 100$ no dinheiro (espécie) e 120$ no pix 
1988600446131523923,@AlexandreN22095,@CarolDeToni,2025-11-12T13:31:07.000Z,False,28,0,0,0,pt,False,Tu sabe ler moça quem deixou de taxar os ricos foi o Lula kkkkk cada vergonha no pix que vcs passam ainda são analfabetos kkkk
1988591129105924184,@rubens_oeste,@RogerioCorreia_,2025-11-12T12:54:06.000Z,False,39,1,0,0,pt,False,"Esta lógica também se aplica ao caso do PIX ?
1 - Disseram que não iam taxar o PIX.
2 - Criaram alarde, espalharam mentira, geraram crise.
3 - No fim, recuaram. Mas recuaram de que, se as críticas eram ""infundadas"" ?

Esta é a desonestidade intelectua da esquerda !"
1988563533294948394,@skoll,@nikolas_dm,2025-11-12T11:04:26.000Z,False,5,0,0,0,pt,False,"Vai ter mais vídeo de ""vão taxar o Pix""? 
Influenciar com mentiras é fácil, xingar é fácil, difícil é fazer mostrar verdades como um bom jornalismo faz."
1988443633838944476,@SeverinoMarin13,@rp30Bv2dqL,2025-11-12T03:08:00.000Z,False,6,0,0,0,pt,True,"Lembram da história do PIX no começo de 2025? Pois é. Sem alarde, agora a coisa toda está voltando com força total!!! Já fez seu PIX hoje?  
terrabrasilnoticias.com/2025/11/govern
…"
1988443633838944476,@SeverinoMarin13,@cBFQRsVLBZ,2025-11-12T03:08:00.000Z,False,6,0,0,0,pt,True,"Lembram da história do PIX no começo de 2025? Pois é. Sem alarde, agora a coisa toda está voltando com força total!!! Já fez seu PIX hoje?  
terrabrasilnoticias.com/2025/11/govern
…"
1981773124950798746,@Fbio35589657855,,2025-10-24T17:21:47.000Z,True,6,0,0,0,pt,True,Taxade quer taxar o Pix no Brasil com está moeda.
1981768715520672100,@OzenilGons36296,@mXNHdS9n4i,2025-10-24T17:04:15.000Z,False,25,0,0,0,pt,False,"O governo do Lula vai monitorar seu PIX. Você que vende seu bolo, seu picolé. Não pode aceitar Pix , tem que ser dinheiro vivo. Isto porque o Lula, quer te taxar até 150%. Acorda Brasil!
youtu.be/t_NrnBY5w0g?si
…"
1981761015478956501,@PhePherla,@senadorhumberto,2025-10-24T16:33:40.000Z,False,2,0,0,0,pt,False,Porque ao invés de ficar nas redes sociais vc não vai trabalhar .Agora até taxar pix.Seu presidente falando que eh culpa dos usuários existir traficante .
1981759610655776890,@gahsxc,@liiindioi,2025-10-24T16:28:05.000Z,False,18,0,0,0,pt,False,mas eu sonego imposto só ando com dinheiro e no app só aceita pix 
1981743295236587923,@coloradoyusho,@nathfinancas,2025-10-24T15:23:15.000Z,False,10,0,0,0,pt,False,"Não passa pano, mas só se não tiver uma desculpa do nível ""estou viajando e não vou falar sobre isso"" (taxação do pix), ou tu acha que todo mundo é dessa laia esquerdista de cérebro derretido que esquece rápido o que tu fala? "
1981735291019776104,@GustavoCar81410,@0B8aAfXLj7,2025-10-24T14:51:26.000Z,False,344,7,0,0,pt,True,"cnnbrasil.com.br/politica/taxac
…

Chave pix: 9f7cc436-0f6c-4173-a89e-0e4c61db1b00

Aguardo o print do comprovante abaixo

Obrigado"
1981735291019776104,@GustavoCar81410,@peppipets,2025-10-24T14:51:26.000Z,False,344,7,0,0,pt,True,"cnnbrasil.com.br/politica/taxac
…

Chave pix: 9f7cc436-0f6c-4173-a89e-0e4c61db1b00

Aguardo o print do comprovante abaixo

Obrigado"
1981735291019776104,@GustavoCar81410,@chrisazevedox,2025-10-24T14:51:26.000Z,False,344,7,0,0,pt,True,"cnnbrasil.com.br/politica/taxac
…

Chave pix: 9f7cc436-0f6c-4173-a89e-0e4c61db1b00

Aguardo o print do comprovante abaixo

Obrigado"
1981733652091240939,@SidneiaAlmeid10,@blogdopannunzio,2025-10-24T14:44:56.000Z,False,2,0,0,0,pt,False,Absurdo é querer  taxar o PIX .
1981728312473874468,@MarcelCFCAmorim,@JPReturn,2025-10-24T14:23:43.000Z,False,60,0,0,1,pt,False,"Não é Paulo Freire, não sou idiota ao ponto de acreditar,  por exemplo, que um ex-Presidente recebe R$ 17 milhões em PIX para pagar uma multa que foi anistiada e os seus apoiadores correram para impedir a verificação do PIX alegando uma taxação que nunca existiu e isso é só um."
1981728312473874468,@MarcelCFCAmorim,@lunazarattini,2025-10-24T14:23:43.000Z,False,60,0,0,1,pt,False,"Não é Paulo Freire, não sou idiota ao ponto de acreditar,  por exemplo, que um ex-Presidente recebe R$ 17 milhões em PIX para pagar uma multa que foi anistiada e os seus apoiadores correram para impedir a verificação do PIX alegando uma taxação que nunca existiu e isso é só um."
1974115156583178588,@MTheLightbringr,@mariamamorango,2025-10-03T14:11:45.000Z,True,159,0,0,0,pt,False,"Boa tentativa receita federal, vc n vai conseguir cruzar meus dados pra taxar meus pix (16/03/2000)"
1974103629188714787,@leandroamaral84,@nikolas_dm,2025-10-03T13:25:56.000Z,False,232,3,0,1,pt,False,"Fez vídeo contra o PIX que acabou em bilhões de descontos dos aposentados e lavagem de dinheiro das fintechs, votou a favor e defendeu a PEC da Bandidagem, estava tentando atrapalhar a votação do IR, porque é contra taxar os ricos, emendas para seu tio. O povo não vai esquecer.."
1974085572802326723,@grok,@politics193,2025-10-03T12:14:11.000Z,True,20,0,0,0,pt,True,"Não, não há taxação no PIX. O governo revogou uma regra de monitoramento de transações acima de R$5 mil (não era imposto), e editou MP 1288/2025 proibindo cobranças extras. Fontes como BBC e 
Gov.br confirmam: é desinformação, sem anúncio oficial ou cobertura em"
1974085572802326723,@grok,@MedicoLiberdade,2025-10-03T12:14:11.000Z,True,20,0,0,0,pt,True,"Não, não há taxação no PIX. O governo revogou uma regra de monitoramento de transações acima de R$5 mil (não era imposto), e editou MP 1288/2025 proibindo cobranças extras. Fontes como BBC e 
Gov.br confirmam: é desinformação, sem anúncio oficial ou cobertura em"
1974085572802326723,@grok,@oklJ69vKTt,2025-10-03T12:14:11.000Z,True,20,0,0,0,pt,True,"Não, não há taxação no PIX. O governo revogou uma regra de monitoramento de transações acima de R$5 mil (não era imposto), e editou MP 1288/2025 proibindo cobranças extras. Fontes como BBC e 
Gov.br confirmam: é desinformação, sem anúncio oficial ou cobertura em"
1974083985723805785,@MatosMisrael,,2025-10-03T12:07:53.000Z,True,42,0,0,0,pt,True,"E o governo querendo taxar meu pix de 500 pila....eles são bons para fiscalizar o trabalhador e o empresário que gera empregos, mas o ladrão de dinheiro de idoso aposentado é maior burocracia."
1974078197882089652,@CurintiaSemGPS,@diasjonny,2025-10-03T11:44:53.000Z,False,959,0,0,0,pt,False,Que taxação do pix
1974078197882089652,@CurintiaSemGPS,@NewsLiberdade,2025-10-03T11:44:53.000Z,False,959,0,0,0,pt,False,Que taxação do pix
1966164259588682237,@may_amorim1,@madeinbajor,2025-09-11T15:37:43.000Z,False,33,0,0,0,pt,False,"Duas guerras acontecendo,o mundo caminhando pra 3° guerra mundial, aquecimento global. Taxação no Brasil, julgamento no STF, Donald Trump querendo acabar com o pix
E o povo proecupado com essas bobeira"
1966123197214208130,@jardinermoura,,2025-09-11T12:54:33.000Z,False,45,0,0,0,pt,False,"pix sofrendo alteração, imposto em FIIS, aluguel a receita vai rastrear  pra impedir sonegação, (imposto de 27,5%), logo, ano q vem teremos: maior número de golpes no pix, aluguel EXTREMAMENTE caro, carne cara com essa nova exportação do lula, e por aí vai, governo do amor "
1966105528490181059,@evanitter,@gandredes,2025-09-11T11:44:21.000Z,False,582,4,0,1,pt,False,"o pix caindo pra falar bem do gil, o mesmo que dias atrás tava putinho pq iam taxar os ricos."
1966105528490181059,@evanitter,@authenticity,2025-09-11T11:44:21.000Z,False,582,4,0,1,pt,False,"o pix caindo pra falar bem do gil, o mesmo que dias atrás tava putinho pq iam taxar os ricos."
1966104123989995597,@grok,@JhoonGamerPRD,2025-09-11T11:38:46.000Z,True,45,0,0,0,pt,False,"Não há uma análise completa de todos os tweets de nikolas_dm para calcular uma porcentagem exata de fake news. De fontes variadas como Folha, CNN e Reuters, em 2025, verificações identificaram imprecisões em posts sobre taxação do Pix e outros temas, mas representam casos"
1966104123989995597,@grok,@nikolas_dm,2025-09-11T11:38:46.000Z,True,45,0,0,0,pt,False,"Não há uma análise completa de todos os tweets de nikolas_dm para calcular uma porcentagem exata de fake news. De fontes variadas como Folha, CNN e Reuters, em 2025, verificações identificaram imprecisões em posts sobre taxação do Pix e outros temas, mas representam casos"
1966104123989995597,@grok,@sousa_reni,2025-09-11T11:38:46.000Z,True,45,0,0,0,pt,False,"Não há uma análise completa de todos os tweets de nikolas_dm para calcular uma porcentagem exata de fake news. De fontes variadas como Folha, CNN e Reuters, em 2025, verificações identificaram imprecisões em posts sobre taxação do Pix e outros temas, mas representam casos"
1966072035341226067,@_gabrielbrazao,@nikolas_dm,2025-09-11T09:31:15.000Z,False,11,0,0,0,pt,False,Kkkkkkkkkkkkkk. Pqp conseguir ajudar o pcc a roubar mais ne ? Vou nem perde meu tempo com alienado q ate hj acredita nessa taxação do pix
1966072035341226067,@_gabrielbrazao,@crgfaria,2025-09-11T09:31:15.000Z,False,11,0,0,0,pt,False,Kkkkkkkkkkkkkk. Pqp conseguir ajudar o pcc a roubar mais ne ? Vou nem perde meu tempo com alienado q ate hj acredita nessa taxação do pix
1966072035341226067,@_gabrielbrazao,@douglas69denovo,2025-09-11T09:31:15.000Z,False,11,0,0,0,pt,False,Kkkkkkkkkkkkkk. Pqp conseguir ajudar o pcc a roubar mais ne ? Vou nem perde meu tempo com alienado q ate hj acredita nessa taxação do pix
1958914850190713316,@grok,@ARC_antricardo,2025-08-22T15:31:09.000Z,True,16,0,0,1,pt,True,"Não, transferências via PIX não pagam impostos diretamente, pois equivalem a pagamentos em dinheiro. Porém, no caso de doações, pode haver incidência de ITCMD (imposto estadual, como 4% em SP), e elas devem ser declaradas à Receita Federal. Consulte um contador para detalhes"
1958914850190713316,@grok,@a_jessicao,2025-08-22T15:31:09.000Z,True,16,0,0,1,pt,True,"Não, transferências via PIX não pagam impostos diretamente, pois equivalem a pagamentos em dinheiro. Porém, no caso de doações, pode haver incidência de ITCMD (imposto estadual, como 4% em SP), e elas devem ser declaradas à Receita Federal. Consulte um contador para detalhes"
1958914850190713316,@grok,@sign-up,2025-08-22T15:31:09.000Z,True,16,0,0,1,pt,True,"Não, transferências via PIX não pagam impostos diretamente, pois equivalem a pagamentos em dinheiro. Porém, no caso de doações, pode haver incidência de ITCMD (imposto estadual, como 4% em SP), e elas devem ser declaradas à Receita Federal. Consulte um contador para detalhes"
1958914850190713316,@grok,@KaguetaBR,2025-08-22T15:31:09.000Z,True,16,0,0,1,pt,True,"Não, transferências via PIX não pagam impostos diretamente, pois equivalem a pagamentos em dinheiro. Porém, no caso de doações, pode haver incidência de ITCMD (imposto estadual, como 4% em SP), e elas devem ser declaradas à Receita Federal. Consulte um contador para detalhes"
1958899407182516400,@itsmemarcos__,@pedrorousseff,2025-08-22T14:29:47.000Z,False,51,0,0,0,pt,False,Por isso ficou tão preocupado quando surgiu a possibilidade do Pix ser fiscalizado mesmo em valores baixo. Inventou até a fake da ‘taxação do Pix’
1958891906093473875,@cjnbrs1675,@21f6TEkEHb,2025-08-22T13:59:59.000Z,False,9,0,0,0,pt,True,Poisé né..só na campanha de Pix  foram 19 milhões....tudo registrado no imposto de renda....agora me diz onde estão os 300 milhões do Marcelo Odebrecht?
1958891906093473875,@cjnbrs1675,@Vozdobrasilbr,2025-08-22T13:59:59.000Z,False,9,0,0,0,pt,True,Poisé né..só na campanha de Pix  foram 19 milhões....tudo registrado no imposto de renda....agora me diz onde estão os 300 milhões do Marcelo Odebrecht?
1958891906093473875,@cjnbrs1675,@leoopalhares,2025-08-22T13:59:59.000Z,False,9,0,0,0,pt,True,Poisé né..só na campanha de Pix  foram 19 milhões....tudo registrado no imposto de renda....agora me diz onde estão os 300 milhões do Marcelo Odebrecht?
1958888522435162225,@antifacho1945,@matheusdias1230,2025-08-22T13:46:32.000Z,False,128,7,0,0,pt,False,"Mas naquela primeira onda de ataques ao pix, a massa bolsonarista começou a atacar o pix imediatamente, a mesma que a alguns meses atrás acusava o governo de tentar taxar o serviço."
1958888522435162225,@antifacho1945,@Samuelsworld,2025-08-22T13:46:32.000Z,False,128,7,0,0,pt,False,"Mas naquela primeira onda de ataques ao pix, a massa bolsonarista começou a atacar o pix imediatamente, a mesma que a alguns meses atrás acusava o governo de tentar taxar o serviço."
1958887482419720358,@DEMOCRACIAPONTO,@pedrorousseff,2025-08-22T13:42:24.000Z,True,90,4,1,1,pt,False," VERGONHOSO UM TRABALHADOR NÃO GANHA R$ 20 MIL POR ANO E BOLSONARO LADRÃO ? GANHAM EM UM ANO MILHÕES DE REAIS POR PIX.
 ESTÁ PARECENDO LAVAGEM DE DINHEIRO.
 POR ISSO QUE TEMOS QUE TAXAR OS SUPER RICOS E A REJEITA INVESTIGAR MOVIMENTAÇÕES ESTRANHAS."
1958884147750994400,@JohnnySuriel7,@gabrielnvlxs7,2025-08-22T13:29:09.000Z,False,25,1,0,0,pt,False,"Vc não qrer acreditar, não quer dizer q seja mentira, oq mais tem são vídeos didáticos e explicativos provando e refutando todas as mentiras do Nikolas, aquele video q mais bombou é a maior prova, da taxação do pix que nunca sequer foi cogitada pelo governo, alias, quem qria"
1958884147750994400,@JohnnySuriel7,@republiqueBRA,2025-08-22T13:29:09.000Z,False,25,1,0,0,pt,False,"Vc não qrer acreditar, não quer dizer q seja mentira, oq mais tem são vídeos didáticos e explicativos provando e refutando todas as mentiras do Nikolas, aquele video q mais bombou é a maior prova, da taxação do pix que nunca sequer foi cogitada pelo governo, alias, quem qria"
1958884147750994400,@JohnnySuriel7,@nahnoooooo,2025-08-22T13:29:09.000Z,False,25,1,0,0,pt,False,"Vc não qrer acreditar, não quer dizer q seja mentira, oq mais tem são vídeos didáticos e explicativos provando e refutando todas as mentiras do Nikolas, aquele video q mais bombou é a maior prova, da taxação do pix que nunca sequer foi cogitada pelo governo, alias, quem qria"
1951296503047242092,@LUCAS1908o,@lazarorosa25,2025-08-01T14:58:34.000Z,False,12,1,0,1,pt,False,"Acho que quem acabou com a Lavajato não foi o PT em, foi presidente mimizento que não queria que tocasse no filho né !? E sobre a taxação do pix, vc sabe quem tentou implementar? Você conhece Valdemar da costa neto, braço direito do grande Bolsonaro ! Você lembra do color?"
1951296503047242092,@LUCAS1908o,@Lushenbark,2025-08-01T14:58:34.000Z,False,12,1,0,1,pt,False,"Acho que quem acabou com a Lavajato não foi o PT em, foi presidente mimizento que não queria que tocasse no filho né !? E sobre a taxação do pix, vc sabe quem tentou implementar? Você conhece Valdemar da costa neto, braço direito do grande Bolsonaro ! Você lembra do color?"
1951296503047242092,@LUCAS1908o,@CsBruno_,2025-08-01T14:58:34.000Z,False,12,1,0,1,pt,False,"Acho que quem acabou com a Lavajato não foi o PT em, foi presidente mimizento que não queria que tocasse no filho né !? E sobre a taxação do pix, vc sabe quem tentou implementar? Você conhece Valdemar da costa neto, braço direito do grande Bolsonaro ! Você lembra do color?"
1951287761459355853,@grok,@Luis_C4_Carrara,2025-08-01T14:23:50.000Z,True,35,0,0,1,pt,False,"Entendo seu ponto, Luís. O vídeo de Nikolas (jan/2025) viralizou com críticas à fiscalização do Pix (revogada), mas fact-checks (Folha, Estadão) apontam imprecisões, como insinuar taxação sem base. Foi alarmista por receio real de impostos, mas beira desinformação. Diferente de"
1951287761459355853,@grok,@guilherme_amado,2025-08-01T14:23:50.000Z,True,35,0,0,1,pt,False,"Entendo seu ponto, Luís. O vídeo de Nikolas (jan/2025) viralizou com críticas à fiscalização do Pix (revogada), mas fact-checks (Folha, Estadão) apontam imprecisões, como insinuar taxação sem base. Foi alarmista por receio real de impostos, mas beira desinformação. Diferente de"
1951285461227339817,@Luis_C4_Carrara,@guilherme_amado,2025-08-01T14:14:41.000Z,True,44,0,0,1,pt,False,"Exatamente, vamos em frente. A taxação pix a que se refere foram as veiculadas dizendo que TRUMP taxaria ou acabaria com o PIX?"
1951285461227339817,@Luis_C4_Carrara,@grok,2025-08-01T14:14:41.000Z,True,44,0,0,1,pt,False,"Exatamente, vamos em frente. A taxação pix a que se refere foram as veiculadas dizendo que TRUMP taxaria ou acabaria com o PIX?"
1951284506582982998,@grok,@Luis_C4_Carrara,2025-08-01T14:10:54.000Z,True,52,0,0,1,pt,False,"Obrigado pelo reconhecimento, Luis_C4_Carrara. Sobre blogueiros de esquerda recebendo pix para mentiras: buscas mostram acusações semelhantes contra ambos os lados, mas fake news recentes (como taxação do Pix) são mais ligadas a redes bolsonaristas. Desinformação afeta todos;"
1951284506582982998,@grok,@guilherme_amado,2025-08-01T14:10:54.000Z,True,52,0,0,1,pt,False,"Obrigado pelo reconhecimento, Luis_C4_Carrara. Sobre blogueiros de esquerda recebendo pix para mentiras: buscas mostram acusações semelhantes contra ambos os lados, mas fake news recentes (como taxação do Pix) são mais ligadas a redes bolsonaristas. Desinformação afeta todos;"
1951284448470708485,@NelsonL38060869,@Haddad_Fernando,2025-08-01T14:10:40.000Z,False,8,0,0,0,pt,False,"Taxxad em ação novamente 
Aposto que vai taxar o Pix."
1951284448470708485,@NelsonL38060869,@MinFazenda,2025-08-01T14:10:40.000Z,False,8,0,0,0,pt,False,"Taxxad em ação novamente 
Aposto que vai taxar o Pix."
1951284448470708485,@NelsonL38060869,@canalgov,2025-08-01T14:10:40.000Z,False,8,0,0,0,pt,False,"Taxxad em ação novamente 
Aposto que vai taxar o Pix."
1951274716942975377,@Mcarvalho_Farma,@a_jessicao,2025-08-01T13:32:00.000Z,False,151,7,0,1,pt,False,"LULA QUER TAXAR OS SUPER RICOS    

BOLSONARO QUER TAXAR O PIX E O BRASIL     

ESSA É A DIFERENÇA 
DE QUE LADO VOCÊS ESTÃO??"
1951274477620437097,@Mcarvalho_Farma,@jairbolsonaro,2025-08-01T13:31:03.000Z,False,14,0,0,0,pt,False,"LULA QUER TAXAR OS SUPER RICOS    

BOLSONARO QUER TAXAR O PIX E O BRASIL     

ESSA É A DIFERENÇA 
DE QUE LADO VOCÊS ESTÃO??"
1951274477620437097,@Mcarvalho_Farma,@carlosfportinho,2025-08-01T13:31:03.000Z,False,14,0,0,0,pt,False,"LULA QUER TAXAR OS SUPER RICOS    

BOLSONARO QUER TAXAR O PIX E O BRASIL     

ESSA É A DIFERENÇA 
DE QUE LADO VOCÊS ESTÃO??"
1943727718899527926,@EltonT58570,@VEJA,2025-07-11T17:42:55.000Z,False,15,0,0,0,pt,True,"Lula de braços com ditadores e a culpa do Bolsonaro! É tudo culpa dele, dolar; selic; IOF, pix, e agora a taxação !!"
1943721213596938322,@mr_pitaco,@SamPancher,2025-07-11T17:17:04.000Z,False,378,4,0,1,pt,False,"Então aquele história de Brics que alguns Bolsonaristas querem aplicar é o menos.
A treta maior é para livrar Bolsonaro da cadeia.
E Bananinha recebendo pix, comemorando taxação ameaçando o Brasil fazendo exigência como um sequestrador.
Essa é a taxa Bolsonaro.
Brasil Soberano!"
1943715062285238782,@mestreanciaobr,@BolsonaroSP,2025-07-11T16:52:37.000Z,False,10,0,0,0,pt,False,"Pqp cara, agradecer taxação em 50%???!!! Eu moro no Brasil fdp. Não tô na Flórida vivendo de Pix Patriota não"
1943715062285238782,@mestreanciaobr,@realDonaldTrump,2025-07-11T16:52:37.000Z,False,10,0,0,0,pt,False,"Pqp cara, agradecer taxação em 50%???!!! Eu moro no Brasil fdp. Não tô na Flórida vivendo de Pix Patriota não"
1943712951132623175,@ColetivoSalaPT,@LulaOficial,2025-07-11T16:44:14.000Z,True,110,8,4,2,pt,False,"Presidente 
@LulaOficial
  combate a desinformação, não ""censura opositores""
As propostas de regulação de redes sociais visam conter conteúdos falsos com impacto econômico e social, como notícias inventadas sobre taxação do Pix, INSS . Isso é distinto de censura. DEFENDA O BRASIL"
1943697195586162812,@robertotebotre,@jairbolsonaro,2025-07-11T15:41:38.000Z,False,17,4,0,0,pt,False,"Pra livrar a cara dos crimes cometidos pelo Bozo,por tentativa de golpe de estado, por não saber perder, seu filho foi aos EUA pedir pro Trump taxar o Brasil em 50% nas exportações, se ferrou, é mais um agravante pra ele e  Bolsonaro irem pra cadeia.
Ainda tem idiota que faz pix."
1943696347812540884,@clyltonsilva,@govbr,2025-07-11T15:38:16.000Z,False,14,0,0,0,pt,False,"É Bizarro ver uma postagem dessas e ver que ainda tem gente que acredita. Desde quando os super ricos compram blusinhas importadas da china? Taxar os super ricos é monitorar pix acima de R$ 2.000,00? As taxas que esse Governo aumenta só atinge os mais pobres."
1943667024133070980,@jbindica,@nmvMo4k2PJ,2025-07-11T13:41:44.000Z,False,44,0,0,0,pt,True,"[Magalu] Pelúcia Mamãe Capivara + Filhotes (34cm)
 
 
jogobara.to/APuD2
 Cupom: CUPOMRELAMPAGO
• R$ 17,43 no pix
• Frete Grátis para várias regiões

 Valor sem Imposto de importação e ICMS (são calculados de acordo c/ Remessa Conforme)"
1935884852248952877,@LimaInComodo,@lucianocarvaIho,2025-06-20T02:18:10.000Z,False,21,0,0,0,pt,False,"A direita, principalmente a radical, ganhou mais voz do que já tinha depois da polêmica da taxação do pix. Lula está mal visto no mero comerciante de uma cidadezinha no interior do nordeste. E o nordeste, único lugar que ele tinha força, o rejeita mais do que o ama hoje."
1935884852248952877,@LimaInComodo,@renanprates,2025-06-20T02:18:10.000Z,False,21,0,0,0,pt,False,"A direita, principalmente a radical, ganhou mais voz do que já tinha depois da polêmica da taxação do pix. Lula está mal visto no mero comerciante de uma cidadezinha no interior do nordeste. E o nordeste, único lugar que ele tinha força, o rejeita mais do que o ama hoje."
1935881394791588283,@LimaInComodo,@GeopoliticaHoj,2025-06-20T02:04:26.000Z,False,95,0,0,2,pt,False,"Sim tenho sim, mas vamos só usar a visão racional que temos do Brasil. A polêmica da taxação do pix abalou não só as pessoas que acompanham as redes sociais, mas até mesmo o mero comerciante do interior de alguma cidade do nordeste. Lula está mal visto por essas pessoas+"
1935881394791588283,@LimaInComodo,@Jarlandasilva0,2025-06-20T02:04:26.000Z,False,95,0,0,2,pt,False,"Sim tenho sim, mas vamos só usar a visão racional que temos do Brasil. A polêmica da taxação do pix abalou não só as pessoas que acompanham as redes sociais, mas até mesmo o mero comerciante do interior de alguma cidade do nordeste. Lula está mal visto por essas pessoas+"
1935880595898355815,@luketchen33,@reporterenato,2025-06-20T02:01:15.000Z,False,279,5,0,0,pt,False,"N taxando o pix de ao menos 50k por mes ta otimo, pq engloba pobre  e pobre premium. Deixa pra taxar só  a renda msm."
1935849415983440078,@kr_scccp,@orlandomarts,2025-06-19T23:57:21.000Z,False,18,0,0,1,pt,True,E acreditar em taxação do pix é coisa de gado maluco e tapado
1935849415983440078,@kr_scccp,@LuccasAdriano76,2025-06-19T23:57:21.000Z,False,18,0,0,1,pt,True,E acreditar em taxação do pix é coisa de gado maluco e tapado
1935847069471682613,@orlandomarts,@kr_scccp,2025-06-19T23:48:02.000Z,False,24,1,1,2,pt,False,"Taxação do pix é coisa de corruptos esquerdistas comunistas como todo esse desgoverno que gasta como se não houvesse amanhã!
E o povo... haha, o povo, na visão desses q estão no poder que se lasque!"
1935847069471682613,@orlandomarts,@LuccasAdriano76,2025-06-19T23:48:02.000Z,False,24,1,1,2,pt,False,"Taxação do pix é coisa de corruptos esquerdistas comunistas como todo esse desgoverno que gasta como se não houvesse amanhã!
E o povo... haha, o povo, na visão desses q estão no poder que se lasque!"
1928485844974739893,@AnaS96756657,@DeboraFBergamo,2025-05-30T16:17:09.000Z,False,212,6,0,5,pt,False,"Antes de postar, verifique os fatos. A isenção de 5 mil não foi posta em votação ainda. Nunca houve projeto de lei p aumentar tarifa de energia. Nikolas nunca apoiou taxação de pix. Tb não houve voto contra a isenção da cesta, foi votada em destaque, após a RT."
1928483671784268041,@SebastiaoKobus,@CNNBrasil,2025-05-30T16:08:31.000Z,False,6,0,0,0,pt,False,"É, a taxação do Pix, o aumento do IOF, os prejuízos das estatais, apoiar Maduro, não criminalizar o Hamas, não aceitar o PCC e CV como terroristas, endividar o país, roubar os aposentados, todos foram grandes acertos. Kkkkk"
1928461368253985174,@Danielmplas,@reporterenato,2025-05-30T14:39:53.000Z,False,38,0,0,0,pt,False,"Fala um pouco sobre o INSS, pé de meia, respiradores, 200 malas da janja, viagens e hotéis de luxo, aumento do IOF, taxação do pix, desvios na “cultura”, corte da saúde, irmão do Lula recebendo dinheiro do INSS, desmatamentos, preço do café, da picanha, do Gás… acho que isso já"
1928452792282226933,@Marciodjn,,2025-05-30T14:05:49.000Z,True,11,0,0,0,pt,True,"A bomba fiscal já explodiu faz tempo, tanto é q, foram desesperados atrás d taxar Pix e agora o IOF..."
1928446664341074108,@zogzogbene,@pedro_araken,2025-05-30T13:41:28.000Z,False,132,8,0,1,pt,False,"Que haveria taxação, sendo que foi um IN da receita para aumentar a fiscalização sobre quem estava fraudando a declaração. Algo que já tinha feito sobre outros itens que compõem transação financeira. Inclusive ele ignorou que a única proposta de taxação do PIX era do Guedes."
1928446664341074108,@zogzogbene,@Mendes2kn,2025-05-30T13:41:28.000Z,False,132,8,0,1,pt,False,"Que haveria taxação, sendo que foi um IN da receita para aumentar a fiscalização sobre quem estava fraudando a declaração. Algo que já tinha feito sobre outros itens que compõem transação financeira. Inclusive ele ignorou que a única proposta de taxação do PIX era do Guedes."
1920873846682296517,@anselmofcr,,2025-05-09T16:09:47.000Z,False,31,0,0,0,pt,False,"Bom dia,

Olha as notícias negativas relacionadas ao atual governo:
* Roubo do INSS, 6.3 bilhões:
* Rombo nos Correios, 2,6 bilhões;
* Elevação da taxa de juros Selic: 14,75% ao ano. A maior em 20 anos;
* Tentativa de taxar o PIX;
* Ministro das Comunicações envolvido em fraudes;"
1920870920672936417,@gilay_oliveira,@jonasrsantana,2025-05-09T15:58:10.000Z,False,5,0,0,0,pt,False,Suposta taxação do Pix? 
1920870920672936417,@gilay_oliveira,@folha,2025-05-09T15:58:10.000Z,False,5,0,0,0,pt,False,Suposta taxação do Pix? 
1920869927335911662,@AiikawaVG,@JornalOGlobo,2025-05-09T15:54:13.000Z,False,46,0,0,0,pt,False,"É porque não tem mentira, é verdade, tipo o vídeo do pix, não tem mentira nenhuma.
Pra falar mal do governo de merda q o Lula tá fazendo nem precisa mais da mamadeira de piroca, é só falar a verdade q o Lula faz, tipo taxar comprinha de pobre e tal"
1920869927335911662,@AiikawaVG,@Socorrofpb,2025-05-09T15:54:13.000Z,False,46,0,0,0,pt,False,"É porque não tem mentira, é verdade, tipo o vídeo do pix, não tem mentira nenhuma.
Pra falar mal do governo de merda q o Lula tá fazendo nem precisa mais da mamadeira de piroca, é só falar a verdade q o Lula faz, tipo taxar comprinha de pobre e tal"
1920849851220217882,@g4rr4g4mer,@PedroRonchi2,2025-05-09T14:34:26.000Z,False,58,2,0,0,pt,False,É igual quando disseram que o Nikolas mentiu ao afirmar que o governo queria taxar o Pix. Quem assistiu ao vídeo sabe que ele nunca disse isso. E o que o governo fez? Voltou atrás.
1920837089215516713,@MoisesNagabuchi,@jonasrsantana,2025-05-09T13:43:44.000Z,False,7,0,0,0,pt,False,Suposta taxação do pix? Sei. Suposto roubo do INSS.
1920837089215516713,@MoisesNagabuchi,@folha,2025-05-09T13:43:44.000Z,False,7,0,0,0,pt,False,Suposta taxação do pix? Sei. Suposto roubo do INSS.
1920835975074218175,@Ricardo00936448,@roxmo,2025-05-09T13:39:18.000Z,False,71,2,0,0,pt,False,"1) Taxar o pix dos mais pobres  
2) Emprestar o dinheiro do FGTS e cobrar juros  
3) Roubar , Bilhões, dos aposentados  
Qual será a próxima ideia genial do DESgoverno "
1920835798980493699,@Ricardo00936448,@LucasdiGrassi,2025-05-09T13:38:36.000Z,False,64,1,0,1,pt,False,"1) Taxar o pix dos mais pobres  
2) Emprestar o dinheiro do FGTS e cobrar juros  
3) Roubar , Bilhões, dos aposentados  
Qual será a próxima ideia genial do DESgoverno "
1913244709012520970,@tem_que_dizer,,2025-04-18T14:54:19.000Z,True,7500,300,142,47,pt,True," MUITA CARA DE PAU!!!! Haddad Mentiroso!!!!
 Em entrevista, o pseudo ministro da economia, mente ao afirmar que Bolsonaro quis tentar taxar o PIX"
1913237684400648401,@boza_neneco,@thaispsic,2025-04-18T14:26:24.000Z,False,11,0,0,0,pt,False,"lembram do pix? só  ia controlar por controlar... agora  o cadastro de bicho ... é só pro dono poder registrar em seu nome e chamar de filho... puro amor, sem intensão de taxar ninguém..."
1913214596367725008,@breninarigoni,@johnthemarston,2025-04-18T12:54:40.000Z,False,1500,7,0,9,pt,False,"Cara, eu acho que essa desconfiança é infundada, principalmente pelo fato dela se basear numa notícia falsa que foi propagada por políticos reacionários que só queriam enganar a população
Desde a época da falsa taxação do pix, o pessoal apresenta isso, mas não faz sentido seguir"
1913214596367725008,@breninarigoni,@choquei,2025-04-18T12:54:40.000Z,False,1500,7,0,9,pt,False,"Cara, eu acho que essa desconfiança é infundada, principalmente pelo fato dela se basear numa notícia falsa que foi propagada por políticos reacionários que só queriam enganar a população
Desde a época da falsa taxação do pix, o pessoal apresenta isso, mas não faz sentido seguir"
1913209283904479462,@grok,@fatima_klaus,2025-04-18T12:33:33.000Z,True,14,0,0,0,pt,True,"Nikolas Ferreira não disse diretamente que o governo taxaria o Pix, mas afirmou: ""Pix não será taxado, mas não duvido que possa ser."" Essa frase ambígua gerou confusão e contribuiu para desinformação. O governo negou qualquer plano de taxar o Pix, e não há evidências disso em"
1913209283904479462,@grok,@lazarorosa25,2025-04-18T12:33:33.000Z,True,14,0,0,0,pt,True,"Nikolas Ferreira não disse diretamente que o governo taxaria o Pix, mas afirmou: ""Pix não será taxado, mas não duvido que possa ser."" Essa frase ambígua gerou confusão e contribuiu para desinformação. O governo negou qualquer plano de taxar o Pix, e não há evidências disso em"
1913209283904479462,@grok,@LuizClaudioLem1,2025-04-18T12:33:33.000Z,True,14,0,0,0,pt,True,"Nikolas Ferreira não disse diretamente que o governo taxaria o Pix, mas afirmou: ""Pix não será taxado, mas não duvido que possa ser."" Essa frase ambígua gerou confusão e contribuiu para desinformação. O governo negou qualquer plano de taxar o Pix, e não há evidências disso em"
1913209283904479462,@grok,@imagine,2025-04-18T12:33:33.000Z,True,14,0,0,0,pt,True,"Nikolas Ferreira não disse diretamente que o governo taxaria o Pix, mas afirmou: ""Pix não será taxado, mas não duvido que possa ser."" Essa frase ambígua gerou confusão e contribuiu para desinformação. O governo negou qualquer plano de taxar o Pix, e não há evidências disso em"
1913208814293131595,@LuizClaudioLem1,@fatima_klaus,2025-04-18T12:31:41.000Z,False,31,0,0,1,pt,False,"@grok
 o deputado federal Nicolas ferreira espalhou que o governo iria taxar o pix?"
1913208814293131595,@LuizClaudioLem1,@lazarorosa25,2025-04-18T12:31:41.000Z,False,31,0,0,1,pt,False,"@grok
 o deputado federal Nicolas ferreira espalhou que o governo iria taxar o pix?"
1913208814293131595,@LuizClaudioLem1,@grok,2025-04-18T12:31:41.000Z,False,31,0,0,1,pt,False,"@grok
 o deputado federal Nicolas ferreira espalhou que o governo iria taxar o pix?"
1913193441242001830,@badnews93,@TheIncorrupt_,2025-04-18T11:30:36.000Z,False,11,0,0,0,pt,False,"Ah pronto, é o novo: ""Vão taxar o PIX"""
1913096416316039231,@Supimpo10,@chinazulceleste,2025-04-18T05:05:03.000Z,False,606,10,0,0,pt,False,Pois é. Impossivek imaginar que esse governo va criar tantos impostos não é mesmo? Nunca aconteceu antes. Até tiveram que clvoltar atrás no projeto da taxação do pix pq pegou mal e depois foi revelado que era pra taxar mesmo apesar de todo o malabarismo pra fingir que não era
1913096416316039231,@Supimpo10,@SeriesBrasil,2025-04-18T05:05:03.000Z,False,606,10,0,0,pt,False,Pois é. Impossivek imaginar que esse governo va criar tantos impostos não é mesmo? Nunca aconteceu antes. Até tiveram que clvoltar atrás no projeto da taxação do pix pq pegou mal e depois foi revelado que era pra taxar mesmo apesar de todo o malabarismo pra fingir que não era
1905415162762260507,@tdhoratheoffice,@authenticity,2025-03-28T00:22:30.000Z,True,333,5,0,0,pt,True,Meu amigo Paulo Kogos full pistola com a taxação do PIX
1905394014922088589,@wanndie2night,@gTlM4t0KFH,2025-03-27T22:58:28.000Z,False,88,0,0,0,pt,False,"pq cartao tem imposto... se for empresa grande q se foda, agr se for pra senhorinha q vende flor é so no pix 
t.co/gTlM4t0KFH"
1905392233240498668,@iuriheberle,@NewsLiberdade,2025-03-27T22:51:23.000Z,False,22,0,0,0,pt,False,"lembrando que o pix não é taxado, quem é taxado é quem recebeu por pix e não declarou , o pix não é taxado,mas  vai ser usado para taxar você sim !!!"
1905360279854023012,@marizapba,@nikolas_dm,2025-03-27T20:44:25.000Z,False,72,1,0,0,pt,False,"Os 50,4 bilhões q vcs pegaram do executivo já entra na conta de vcs livre do imposto de renda, ou a receita cobra quando cai no seu pix, conta corrente ou poupança? faça um vídeo explicando isso pra gente, o povo quer saber, pq afinal 50,4 bilhões é muito dinheiro, isso é p/ano?"
1905335649206476865,@robtlls,@grok,2025-03-27T19:06:32.000Z,False,75,0,0,0,pt,False,"Exatamente, é mesma nessas condições Bolsonaro não sancionou nenhum imposto, pelo contrário reduziu! O Lula sancionou 12 impostos e vem o Pix e Pet por ae kkkkk perderam política pública atoa só por que Aras estava no governo kkkkkk merecem"
1905335649206476865,@robtlls,@luanufal,2025-03-27T19:06:32.000Z,False,75,0,0,0,pt,False,"Exatamente, é mesma nessas condições Bolsonaro não sancionou nenhum imposto, pelo contrário reduziu! O Lula sancionou 12 impostos e vem o Pix e Pet por ae kkkkk perderam política pública atoa só por que Aras estava no governo kkkkkk merecem"
1905318987174453650,@grok,@nikolas_dm,2025-03-27T18:00:20.000Z,True,42,0,0,1,pt,False,"Nada no vídeo parece ser fato errado. A monitoramento de transações Pix acima de R$5 mil (pessoas) e R$15 mil (empresas) é real, confirmado por relatórios. A ideia de taxação futura é opinião, não fato. A visão de que trabalhadores informais são alvos como ""grandes sonegadores"""
1905318987174453650,@grok,@thiagosr_1007,2025-03-27T18:00:20.000Z,True,42,0,0,1,pt,False,"Nada no vídeo parece ser fato errado. A monitoramento de transações Pix acima de R$5 mil (pessoas) e R$15 mil (empresas) é real, confirmado por relatórios. A ideia de taxação futura é opinião, não fato. A visão de que trabalhadores informais são alvos como ""grandes sonegadores"""
1898098639802716593,@OperadorMercado,@gleisi,2025-03-07T19:49:15.000Z,False,37,3,1,0,pt,False,Uma forma de monitorar o pix pra taxar né?
1898095339254567228,@azeitona,@BancoCentralBR,2025-03-07T19:36:08.000Z,False,63,0,0,1,pt,False,"Parece golpe porque é golpe: toda conta bancária já tem obrigatoriamente um CPF vinculado. Mas se a chave é um celular ou e-mail, o governo não sabe de quem é.

PORTANTO, essa medida é aquela da taxação do pix. É exatamente a mesma coisa. 

Faz o L."
1898087316675346825,@TheRastrian,@v_torugo,2025-03-07T19:04:15.000Z,True,31,0,0,1,pt,False,"Dado os eventos recentes do governo não me surpreende se for algo como um termômetro pra ver o que a população acha, tivemos isso com a falha de comunicação sobre a taxação do PIX, o que impede de que pra temas mais sérios o comportamento não seja similar ?"
1898087316675346825,@TheRastrian,@ayubio,2025-03-07T19:04:15.000Z,True,31,0,0,1,pt,False,"Dado os eventos recentes do governo não me surpreende se for algo como um termômetro pra ver o que a população acha, tivemos isso com a falha de comunicação sobre a taxação do PIX, o que impede de que pra temas mais sérios o comportamento não seja similar ?"
1898086663693213753,@PrMariosilvajr,,2025-03-07T19:01:40.000Z,True,4,0,0,0,pt,False,Haddad é Dilmo sonham em taxar o pix.
1898083570616295475,@allanrendeiro,@jairbolsonaro,2025-03-07T18:49:22.000Z,True,48,1,1,0,pt,False,"Primeiro ele faz um de APOIO IRRESTRITO AO 
@jairbolsonaro
, dizendo que ele estará no RIO DE JANEIRO em 18/3. Depois ele faz outro similar ao do PIX mostrando a finalidade da proposta do governo de taxar o povo de forma indireta."
1898081134468288925,@ricardo_nakaoka,@bfr_oroboro,2025-03-07T18:39:41.000Z,False,38,2,0,2,pt,False,"Pelo que entendi, é pra evitar golpes, tipo com CPF de morto ou cancelado. E é beeeem difícil ter o CPF cancelado no Brasil por não pagar imposto. Se uma pessoa viva e, digamos, honesta tiver o CPF cancelado, essa deve ser uma preocupação maior do que não fazer um PIX."
1898081134468288925,@ricardo_nakaoka,@lucasarruda,2025-03-07T18:39:41.000Z,False,38,2,0,2,pt,False,"Pelo que entendi, é pra evitar golpes, tipo com CPF de morto ou cancelado. E é beeeem difícil ter o CPF cancelado no Brasil por não pagar imposto. Se uma pessoa viva e, digamos, honesta tiver o CPF cancelado, essa deve ser uma preocupação maior do que não fazer um PIX."
1890539233619693695,@VxnxLima,@Amandavettorazz,2025-02-14T23:10:52.000Z,False,27,0,0,2,pt,False,"CEOs só pensam em sua fortuna, desde quando são paladinos da justiça? A ditadura de 64 se chama ditadura empresarial militar por um motivo. Nikolas é um desonesto que ficou quieto quando Guedes propôs a taxação (real) do pix."
1890539233619693695,@VxnxLima,@semnomefds96,2025-02-14T23:10:52.000Z,False,27,0,0,2,pt,False,"CEOs só pensam em sua fortuna, desde quando são paladinos da justiça? A ditadura de 64 se chama ditadura empresarial militar por um motivo. Nikolas é um desonesto que ficou quieto quando Guedes propôs a taxação (real) do pix."
1890539233619693695,@VxnxLima,@cristao2212,2025-02-14T23:10:52.000Z,False,27,0,0,2,pt,False,"CEOs só pensam em sua fortuna, desde quando são paladinos da justiça? A ditadura de 64 se chama ditadura empresarial militar por um motivo. Nikolas é um desonesto que ficou quieto quando Guedes propôs a taxação (real) do pix."
1890536245052195263,@Thais_ssilva,@ThiagoResiste,2025-02-14T22:58:59.000Z,False,233,0,0,0,pt,False,"Tenho que discordar com vc,
O povo só enxerga os preços da feira e supermercado, além da história da taxação das compras e agora Pix nem totalmente foi só comunicação"
1890535579906957704,@matheusfgol,,2025-02-14T22:56:21.000Z,True,39,0,0,0,pt,True,As coisas no mercado estão caras + “taxa da shein” + a fake news de taxar o pix (e até hj o povo está falando disso) + alguns ministros incompententes + comunicação ruim = resultado aí
1890534894796771773,@AbilioMarq1,@Miltonneves,2025-02-14T22:53:38.000Z,False,89,0,0,0,pt,False,Acabou faz dias já; chuto que desde a taxação das blusinhas e a pá de cal foi  o PIX
1890532572381200453,@noldorheir,@authenticity,2025-02-14T22:44:24.000Z,False,58,2,0,1,pt,False,"Qual vai ser a reação do governo ccom essa pesquisa? rs

O governo tem perdido todos os timings...
Perdeu o do ajuste fiscal, 'taxação do pix' e 'taxa das blusinhas' machucando a reputação do governo, inflação saindo dos trilhos... eita!"
2034074413671276603,@_ostefano,@HenriqueSTO1,2026-03-18T01:08:26.000Z,False,2800,73,0,5,pt,False,aquela palhaçada de taxação do pix era a janela perfeita pra subir o teto do mei e fazer uma campanha de formalização de autônomo. não dá pra entender mesmo.
1882940148238766107,@sxarxszz,@ataldavivis,2025-01-24T23:54:49.000Z,False,189,0,0,1,pt,False,"Mesma coisa que: ""Nikolas não disse com essas palavras que o Lula vai taxar o pix, mas disse que o governo prometeu não taxar as comprinhas da shein e mesmo assim taxou, mas é a mesma coisa que dizer que o Lula quer taxar o pix."""
1882940148238766107,@sxarxszz,@o_xaavier,2025-01-24T23:54:49.000Z,False,189,0,0,1,pt,False,"Mesma coisa que: ""Nikolas não disse com essas palavras que o Lula vai taxar o pix, mas disse que o governo prometeu não taxar as comprinhas da shein e mesmo assim taxou, mas é a mesma coisa que dizer que o Lula quer taxar o pix."""
1882939979963453870,@pennysleeze,,2025-01-24T23:54:09.000Z,False,70,0,0,0,pt,False,"Já vi que o Haddad tá querendo regulamentar o vale alimentação/refeição, pq esse povo inventa de querer mexer no que tá quieto? Isso só gera publicidade péssima paga a esquerda, é pix, é taxação de comprinhas, agora vai mexer com vale alimentação ?! "
1882939363451134056,@diegosants11,@8epUU1AZ7m,2025-01-24T23:51:42.000Z,False,29,0,0,0,pt,True,Como viralizou o vídeo de Nikolas Ferreira que alimenta desinformação sobre taxação do Pix Leia mais em
1882938578990465283,@sxarxszz,,2025-01-24T23:48:35.000Z,False,82,0,0,0,pt,False,Logo ele nunca disse que o Lula quer taxar o pix
1882938413286055979,@sxarxszz,@xandeob,2025-01-24T23:47:55.000Z,False,55,0,0,0,pt,False,O mais incrível é que o Nikolas nunca disse que o Lula queria taxar o pix.
1875262115659051136,@MarcosVGR10,@GloboNews,2025-01-03T19:25:03.000Z,False,14,0,0,0,pt,False,"Ainda espero mais pessoas, tem muito mais pra entrar em jogo, vamos ver quantos vcs vão taxar de EXTREMA DIREITA,FACISTA, NEGACIONISTA, RACISTA, HOMOFÓBICO , pra bancar um larápio condenado, até quando vai cair esse PIX??????"
1875261698782982315,@arrascamalvadao,@Maria197609,2025-01-03T19:23:24.000Z,False,66,1,0,2,pt,False,"5 mil total   colega,  se vc tem seu salário e seu salário  receber um aluguel de 2k por ex e passar de 5 vão puxar e taxar seu aluguel.
 Pix recorrente,
."
1875261698782982315,@arrascamalvadao,@AndreLuizDDog,2025-01-03T19:23:24.000Z,False,66,1,0,2,pt,False,"5 mil total   colega,  se vc tem seu salário e seu salário  receber um aluguel de 2k por ex e passar de 5 vão puxar e taxar seu aluguel.
 Pix recorrente,
."
1875259280682516682,@_nickolas23,,2025-01-03T19:13:47.000Z,False,29,0,0,0,pt,False,"Me juraram que o Lula ia mudar o Brasil que ele ia ajudar os pobres, tô vendo querendo taxar até o pix, brasileiro gosta de ser otario"
1875154405986824204,@Alecomenta05,@crushdobbb20,2025-01-03T12:17:03.000Z,True,352,2,1,0,pt,False,Não há previsão de taxação para transações com PIX realizado por pessoas físicas. A Lei não mudou.
1875147861685612702,@FabioFe33595092,@tomcrypto_web3,2025-01-03T11:51:03.000Z,False,42,0,0,0,pt,False,Com o imposto dos bichos morreu o business for business 200 gatos ou caes. Os CEO de pix e uma esteira de palha com fungos e sua bateria viciada no mundo touch vao ter q se virar..... br dos PIX kkkkkk
1875036316469264848,@pedrinhoowh,@rosanagazola,2025-01-03T04:27:48.000Z,False,276,0,0,0,pt,False,"Eu acho engraçado a galera achando que isso aí é novidade, sendo que o pix surgiu exatamente pra isso! Ajudar na taxação e no rastreio da grana, claramente na visão do rastreio, trazer mais segurança"
1875033070627332289,@JuniorMaionese,@rosanagazola,2025-01-03T04:14:55.000Z,False,141,0,0,0,pt,False,"Então no caso de Motorista que a empresa manda Pix pra abastecimento despesas do caminhão etc, isso vai gerar imposto depois, o governo sempre ferrando com a vida do trabalhador e dos empregadores"
1874959247735435354,@subplanet,@djfernandafox,2025-01-02T23:21:34.000Z,False,324,2,0,1,pt,False,"É fake. 
Para pessoas físicas não tem. 
Mesmo com as novas regras. 
contabeis.com.br/noticias/65932
…"
1874959247735435354,@subplanet,@BXj4R1CvID,2025-01-02T23:21:34.000Z,False,324,2,0,1,pt,False,"É fake. 
Para pessoas físicas não tem. 
Mesmo com as novas regras. 
contabeis.com.br/noticias/65932
…"
2027486177360539721,@JenioQuadros_,@authenticity,2026-02-27T20:49:08.000Z,False,93,2,0,0,pt,False,"Cuidado, vai que ele pensa em taxar o PIX."
2027486177360539721,@JenioQuadros_,@JefinhoMenes,2026-02-27T20:49:08.000Z,False,93,2,0,0,pt,False,"Cuidado, vai que ele pensa em taxar o PIX."
2027482566165479929,@_OnlySeth_,@NauinT,2026-02-27T20:34:47.000Z,False,15,1,0,1,pt,False,"E o que eu quero te dizer que é a ""verdadeira"" direita age exatamente como o político de esquerda médio. Não estou querendo que você não vote no Flávio, mas que tenha noção que momentaneamente, sua escolha não importa. Atacaram a tentativa de taxar o Pix, mas tentaram também"
2027482566165479929,@_OnlySeth_,@NikolleBrasil,2026-02-27T20:34:47.000Z,False,15,1,0,1,pt,False,"E o que eu quero te dizer que é a ""verdadeira"" direita age exatamente como o político de esquerda médio. Não estou querendo que você não vote no Flávio, mas que tenha noção que momentaneamente, sua escolha não importa. Atacaram a tentativa de taxar o Pix, mas tentaram também"
2027479052844478640,@An0nyma7o_,@camomila_gg,2026-02-27T20:20:49.000Z,False,75,0,0,1,pt,False,"Não é para comemorar, esqueceu da ""taxação do PIX""?
Estão apenas deixando a situação esfriar."
2027479052844478640,@An0nyma7o_,@nikolas_dm,2026-02-27T20:20:49.000Z,False,75,0,0,1,pt,False,"Não é para comemorar, esqueceu da ""taxação do PIX""?
Estão apenas deixando a situação esfriar."
2027476696727781565,@MathMR18,@Metropoles,2026-02-27T20:11:27.000Z,False,31,0,0,0,pt,False,"Vão falar que é fake News e daqui uns meses colocam a taxação, igual do pix"
2027475385059827778,@CrysthianNs,@ErikakHilton,2026-02-27T20:06:15.000Z,False,8,0,0,0,pt,False,Tu quer pix na sua conta né kkkk pra vcs taxar é gastar dinheiro do povo né kkkkkkkkk
2027473206760632792,@naan_souza7,@nikolas_dm,2026-02-27T19:57:35.000Z,False,125,0,0,0,pt,False,Vc faz mais pelo Brasil do que o presidente. Uma pena que daqui 3 meses eles enfiam esse imposto no cu dos outros de outra forma como foi o pix de 5 mil
2027468934018900392,@grok,@MolonLabve,2026-02-27T19:40:37.000Z,True,35,0,0,0,pt,False,"Sim, mas sem taxação direta no Pix: não há imposto automático sobre transferências eletrônicas que ""excedam isenção"". O limite de R$ 5 mil é para isenção mensal de retenção na fonte em rendimentos (válido em 2026). A Receita cruza totais agregados de movimentações bancárias (> R$"
2027468934018900392,@grok,@JoaquinTeixeira,2026-02-27T19:40:37.000Z,True,35,0,0,0,pt,False,"Sim, mas sem taxação direta no Pix: não há imposto automático sobre transferências eletrônicas que ""excedam isenção"". O limite de R$ 5 mil é para isenção mensal de retenção na fonte em rendimentos (válido em 2026). A Receita cruza totais agregados de movimentações bancárias (> R$"
2027468934018900392,@grok,@LuizDaCruzIdios,2026-02-27T19:40:37.000Z,True,35,0,0,0,pt,False,"Sim, mas sem taxação direta no Pix: não há imposto automático sobre transferências eletrônicas que ""excedam isenção"". O limite de R$ 5 mil é para isenção mensal de retenção na fonte em rendimentos (válido em 2026). A Receita cruza totais agregados de movimentações bancárias (> R$"
2019725618737459308,@JeffersonA17611,,2026-02-06T10:51:26.000Z,False,6,0,0,0,pt,False,"SEM DINHEIRO NO GOVERO SEM CORRUPÇÃO 
           NÃO PAGO MAIS NADA PRO ESTADO 
                    IMPOSTO É ROUBO
                 VOTAR NÃO É OBRIGATÓRIO 
Ñ pago imposto-multa-taxa-contribuição 
 Não uso banco, cartão, nem PIX 
            O ESTADO É O INIMIGO"
2019665182285525027,@Ironizmo,@authenticity,2026-02-06T06:51:17.000Z,False,105,1,0,0,pt,False,"Ainda bem que deu tempo de aproveitar aquela promoção: produto com o dobro do preço, frete incluído grátis e imposto embutido, com 15% de desconto no Pix."
2019665182285525027,@Ironizmo,@mspbra,2026-02-06T06:51:17.000Z,False,105,1,0,0,pt,False,"Ainda bem que deu tempo de aproveitar aquela promoção: produto com o dobro do preço, frete incluído grátis e imposto embutido, com 15% de desconto no Pix."
2019573615931584689,@npcnewss,,2026-02-06T00:47:26.000Z,False,86,4,1,0,pt,True,"É tipo a ""fakenews"" do Pix: não vão taxar o Pix de cinco mil, mas vão investigar movimentação de Pix para taxar no imposto de renda."
2019535688572760234,@CarlosEdua35006,@LulaOficial,2026-02-05T22:16:43.000Z,False,28,1,0,0,pt,False,"MENSALÃO, PETROLAO, INSS, BANCO MÁSTER, TAXAÇÃO EXCESSIVA E MONITORAMENTO DO PIX PELA RECEITA FEDERAL, REALMENTE ESSE É O CARA.....DE PAU DO CAR@LH@."
2019535688572760234,@CarlosEdua35006,@CostaJr2023,2026-02-05T22:16:43.000Z,False,28,1,0,0,pt,False,"MENSALÃO, PETROLAO, INSS, BANCO MÁSTER, TAXAÇÃO EXCESSIVA E MONITORAMENTO DO PIX PELA RECEITA FEDERAL, REALMENTE ESSE É O CARA.....DE PAU DO CAR@LH@."
2019524720283058292,@LukazVidal,@PedroRonchi2,2026-02-05T21:33:08.000Z,False,14,0,0,0,pt,False,"Sobre Bolsonaro:
-Criação do Pix, que o governo atual queria taxar 
-Diminuiu impostos, diminuiu impostos dos combustíveis 
-Reformas administrativas e tributária. Onde governo era obrigado a economizar dinheiro com maior eficiência no gasto público... coisa que o atual liga fds"
2019458428934979795,@augustinho87,@Maubmarcon,2026-02-05T17:09:43.000Z,False,40,3,0,0,pt,False,Tem retardado que diz até hoje que ele iria destruir o agro e taxar o pix
2012308157641441464,@grok,@PedroRonchi2,2026-01-16T23:37:06.000Z,True,60,1,0,0,pt,False,"Não, no vídeo analisado, Nikolas Ferreira alertou sobre monitoramento de transações PIX acima de R$5 mil, que poderia levar a auditorias e impostos se houver discrepâncias no IR, mas não afirmou explicitamente que o governo ""vai sim"" taxar o PIX. A Receita Federal desmentiu"
2012308157641441464,@grok,@BrasilColosso,2026-01-16T23:37:06.000Z,True,60,1,0,0,pt,False,"Não, no vídeo analisado, Nikolas Ferreira alertou sobre monitoramento de transações PIX acima de R$5 mil, que poderia levar a auditorias e impostos se houver discrepâncias no IR, mas não afirmou explicitamente que o governo ""vai sim"" taxar o PIX. A Receita Federal desmentiu"
2012308103279137276,@MineroDaMarinha,@grok,2026-01-16T23:36:53.000Z,False,29,0,0,1,pt,False,"@grok
 parece que esse rapaz tem algum déficit cognitivo, explique a ele o que significa esse trecho marcado de amarelo e porque isso não tem nada a ver com taxação de movimentações por pix."
2012308103279137276,@MineroDaMarinha,@ClaireDunphyBr,2026-01-16T23:36:53.000Z,False,29,0,0,1,pt,False,"@grok
 parece que esse rapaz tem algum déficit cognitivo, explique a ele o que significa esse trecho marcado de amarelo e porque isso não tem nada a ver com taxação de movimentações por pix."
2012308103279137276,@MineroDaMarinha,@RobertoBorba1,2026-01-16T23:36:53.000Z,False,29,0,0,1,pt,False,"@grok
 parece que esse rapaz tem algum déficit cognitivo, explique a ele o que significa esse trecho marcado de amarelo e porque isso não tem nada a ver com taxação de movimentações por pix."
2012307809077957046,@BrasilColosso,@authenticity,2026-01-16T23:35:43.000Z,False,89,0,0,1,pt,False,"@grok
 em algum momento do vídeo, o Nikolas Ferreira afirmou que o governo VAI SIM taxar o pix?"
2012307809077957046,@BrasilColosso,@PedroRonchi2,2026-01-16T23:35:43.000Z,False,89,0,0,1,pt,False,"@grok
 em algum momento do vídeo, o Nikolas Ferreira afirmou que o governo VAI SIM taxar o pix?"
2012307809077957046,@BrasilColosso,@grok,2026-01-16T23:35:43.000Z,False,89,0,0,1,pt,False,"@grok
 em algum momento do vídeo, o Nikolas Ferreira afirmou que o governo VAI SIM taxar o pix?"
2012307276283945114,@PretoDireito,@IvanValente,2026-01-16T23:33:36.000Z,False,5,0,0,0,pt,False,"Mentirosos contumazes são vocês mesmos, pq nao mostra então a parte onde ele fala sobre taxar o pix? Não mostra pq nao existe né, vcs rebatem a fake news que vcs mesmos criam, acham que o povo é trouxa."
2012306783511961860,@Paulo_2079,@PedroRonchi2,2026-01-16T23:31:38.000Z,False,7700,58,1,7,pt,False,"Exato. Muitos de nós já sabemos que a extrema direita está salivando pra taxar o Pix. Frequentemente, com essa gente, a acusação é uma confissão."
2012303332061138953,@goulart1967,@lindberghfarias,2026-01-16T23:17:55.000Z,False,2,0,0,0,pt,False,Quem falou taxação do PIX???
2012302470819541086,@jeangenet7,@PedroRonchi2,2026-01-16T23:14:30.000Z,False,2700,51,4,0,pt,False,"De 1989 a 2026, a mesma engenharia do medo.

Do confisco da poupança à ""taxação do Pix"": a matriz da desinformação é a mesma.
Um projeto político falido que só oferece pânico em vez de soluções.
A história não se repete como farsa, mas como uma fábrica de mentiras a todo vapor."
2012298826464235702,@JhonnyAll1,@terrordonordste,2026-01-16T23:00:01.000Z,False,7,0,0,0,pt,False,"Ninguém da, direita falou em taxar o pix, a mídia e a esquerda insiste nisso. A, direta alertou sobre o monitoramento do pix acima de 5mil,e a RF ira cruzar dados e começar a multar e cobrar 27,5% de imposto da dona Maria e Seu Zé que antes não declaravam. Foi avisado"
2004531679235584135,@marisol_alves,@blogdosakamoto,2025-12-26T12:36:09.000Z,False,22,0,0,0,pt,False,E o PIX? Que diziam que não haveria taxação? Vai entrar na conta do presidente que mais aumentou impostos nesse país?
2004380150251634996,@grok,@vainico,2025-12-26T02:34:02.000Z,True,117,0,0,0,pt,False,"Não existe lei brasileira que obrigue nota fiscal para cada recebimento ou pagamento de R$10 via PIX a partir de janeiro de 2026. Isso é desinformação. Há monitoramento de movimentações acima de R$5 mil mensais pela Receita Federal para combater fraudes, mas sem taxação"
2004380150251634996,@grok,@LaudelinoRJ,2025-12-26T02:34:02.000Z,True,117,0,0,0,pt,False,"Não existe lei brasileira que obrigue nota fiscal para cada recebimento ou pagamento de R$10 via PIX a partir de janeiro de 2026. Isso é desinformação. Há monitoramento de movimentações acima de R$5 mil mensais pela Receita Federal para combater fraudes, mas sem taxação"
2004380150251634996,@grok,@underJuh,2025-12-26T02:34:02.000Z,True,117,0,0,0,pt,False,"Não existe lei brasileira que obrigue nota fiscal para cada recebimento ou pagamento de R$10 via PIX a partir de janeiro de 2026. Isso é desinformação. Há monitoramento de movimentações acima de R$5 mil mensais pela Receita Federal para combater fraudes, mas sem taxação"
2004358898367750170,@errejota92,@MichelcleberRu5,2025-12-26T01:09:35.000Z,False,11,0,0,0,pt,False,"Com a quantidade exorbitante de dinheiro publico que vcs da direita usam COM EMENDAS SECRETAS VIA PIX (LEI CRIADA E SANCIONADA POR ELE), nao teve jeito, teve que almentar os impostos em bens e serviços, ja que vcs da doreita REPROVARAM A LEI QUR IA TAXAR OS MILIONAIOS."
2004358898367750170,@errejota92,@EddieNienhuis,2025-12-26T01:09:35.000Z,False,11,0,0,0,pt,False,"Com a quantidade exorbitante de dinheiro publico que vcs da direita usam COM EMENDAS SECRETAS VIA PIX (LEI CRIADA E SANCIONADA POR ELE), nao teve jeito, teve que almentar os impostos em bens e serviços, ja que vcs da doreita REPROVARAM A LEI QUR IA TAXAR OS MILIONAIOS."
1996751598090072168,@grok,@IsaiasAlbuq,2025-12-05T01:20:53.000Z,True,14,1,0,0,pt,False,"Após análise de fontes diversas como Reuters, Aos Fatos, BBC e sites oficiais, identifiquei 38 afirmações no texto. Destas, 7 são falsas ou enganosas (ex.: atribuição do PIX e extinção do imposto sindical, que começaram antes; valor errado do piso para técnicos de enfermagem;"
1996751598090072168,@grok,@CarlosBolsonaro,2025-12-05T01:20:53.000Z,True,14,1,0,0,pt,False,"Após análise de fontes diversas como Reuters, Aos Fatos, BBC e sites oficiais, identifiquei 38 afirmações no texto. Destas, 7 são falsas ou enganosas (ex.: atribuição do PIX e extinção do imposto sindical, que começaram antes; valor errado do piso para técnicos de enfermagem;"
1996751598090072168,@grok,@jairbolsonaro,2025-12-05T01:20:53.000Z,True,14,1,0,0,pt,False,"Após análise de fontes diversas como Reuters, Aos Fatos, BBC e sites oficiais, identifiquei 38 afirmações no texto. Destas, 7 são falsas ou enganosas (ex.: atribuição do PIX e extinção do imposto sindical, que começaram antes; valor errado do piso para técnicos de enfermagem;"
1996732969101529317,@maxvalenga,,2025-12-05T00:06:51.000Z,False,749,27,2,0,pt,True,"O que Andrade tá esperando pra fazer o imposto sobre grandes propinas???
Enquanto isso a classe média tá se cagando por movimentar 5k no Pix e não cair na receita"
1996729502815154206,@AparecidoPires9,@taoquei1,2025-12-04T23:53:05.000Z,False,38,0,0,1,pt,False,"A imprensa conseguiu de novo, todo mundo discutindo o que pode acontecer e esquecendo do que está acontecendo, reforma tributária, imposto sobre móvel, movimentação do Pix, CBI, fiquem aí discutindo, esquerda e direita, pois o nabo vai entrar no centro de todo mundo em 2026."
1996728964459499799,@AparecidoPires9,@fabifbbr,2025-12-04T23:50:57.000Z,False,43,0,0,1,pt,False,"A imprensa conseguiu de novo, todo mundo discutindo o que pode acontecer e esquecendo do que está acontecendo, reforma tributária, imposto sobre móvel, movimentação do Pix, CBI, fiquem aí discutindo, esquerda e direita, pois o nabo vai entrar no centro de todo mundo em 2026."
1988721765493714956,@MarcosoFoca,@Variantnator,2025-11-12T21:33:12.000Z,False,178,1,0,1,pt,False,"Sobre o seu ""Paulo Guedes = Haddad"" é sim.
O vídeo do Nikoles sobre a ""taxação"" do Pix, ele não citou o Guedes, que foi o cara que quis taxar o Pix, de verdade."
1988721765493714956,@MarcosoFoca,@2026Enquetes,2025-11-12T21:33:12.000Z,False,178,1,0,1,pt,False,"Sobre o seu ""Paulo Guedes = Haddad"" é sim.
O vídeo do Nikoles sobre a ""taxação"" do Pix, ele não citou o Guedes, que foi o cara que quis taxar o Pix, de verdade."
1988721765493714956,@MarcosoFoca,@MBLivre,2025-11-12T21:33:12.000Z,False,178,1,0,1,pt,False,"Sobre o seu ""Paulo Guedes = Haddad"" é sim.
O vídeo do Nikoles sobre a ""taxação"" do Pix, ele não citou o Guedes, que foi o cara que quis taxar o Pix, de verdade."
1988676173854064845,@rflls,@authenticity,2025-11-12T18:32:02.000Z,False,28,0,0,0,pt,False,Essas empresas para sonegar imposto é uma graça.. 100$ no dinheiro (espécie) e 120$ no pix 
1988600446131523923,@AlexandreN22095,@CarolDeToni,2025-11-12T13:31:07.000Z,False,29,0,0,0,pt,False,Tu sabe ler moça quem deixou de taxar os ricos foi o Lula kkkkk cada vergonha no pix que vcs passam ainda são analfabetos kkkk
1988591129105924184,@rubens_oeste,@RogerioCorreia_,2025-11-12T12:54:06.000Z,False,40,1,0,0,pt,False,"Esta lógica também se aplica ao caso do PIX ?
1 - Disseram que não iam taxar o PIX.
2 - Criaram alarde, espalharam mentira, geraram crise.
3 - No fim, recuaram. Mas recuaram de que, se as críticas eram ""infundadas"" ?

Esta é a desonestidade intelectua da esquerda !"
1988563533294948394,@skoll,@nikolas_dm,2025-11-12T11:04:26.000Z,False,6,0,0,0,pt,False,"Vai ter mais vídeo de ""vão taxar o Pix""? 
Influenciar com mentiras é fácil, xingar é fácil, difícil é fazer mostrar verdades como um bom jornalismo faz."
1988443633838944476,@SeverinoMarin13,@cBFQRsVLBZ,2025-11-12T03:08:00.000Z,False,7,0,0,0,pt,True,"Lembram da história do PIX no começo de 2025? Pois é. Sem alarde, agora a coisa toda está voltando com força total!!! Já fez seu PIX hoje?  
terrabrasilnoticias.com/2025/11/govern
…"
1988443633838944476,@SeverinoMarin13,@rp30Bv2dqL,2025-11-12T03:08:00.000Z,False,7,0,0,0,pt,True,"Lembram da história do PIX no começo de 2025? Pois é. Sem alarde, agora a coisa toda está voltando com força total!!! Já fez seu PIX hoje?  
terrabrasilnoticias.com/2025/11/govern
…"
1981773124950798746,@Fbio35589657855,,2025-10-24T17:21:47.000Z,True,7,0,0,0,pt,True,Taxade quer taxar o Pix no Brasil com está moeda.
1981768715520672100,@OzenilGons36296,@mXNHdS9n4i,2025-10-24T17:04:15.000Z,False,26,0,0,0,pt,False,"O governo do Lula vai monitorar seu PIX. Você que vende seu bolo, seu picolé. Não pode aceitar Pix , tem que ser dinheiro vivo. Isto porque o Lula, quer te taxar até 150%. Acorda Brasil!
youtu.be/t_NrnBY5w0g?si
…"
1981761015478956501,@PhePherla,@senadorhumberto,2025-10-24T16:33:40.000Z,False,3,0,0,0,pt,False,Porque ao invés de ficar nas redes sociais vc não vai trabalhar .Agora até taxar pix.Seu presidente falando que eh culpa dos usuários existir traficante .
1981759610655776890,@gahsxc,@liiindioi,2025-10-24T16:28:05.000Z,False,19,0,0,0,pt,False,mas eu sonego imposto só ando com dinheiro e no app só aceita pix 
1981735291019776104,@GustavoCar81410,@chrisazevedox,2025-10-24T14:51:26.000Z,False,345,7,0,0,pt,True,"cnnbrasil.com.br/politica/taxac
…

Chave pix: 9f7cc436-0f6c-4173-a89e-0e4c61db1b00

Aguardo o print do comprovante abaixo

Obrigado"
1981735291019776104,@GustavoCar81410,@peppipets,2025-10-24T14:51:26.000Z,False,345,7,0,0,pt,True,"cnnbrasil.com.br/politica/taxac
…

Chave pix: 9f7cc436-0f6c-4173-a89e-0e4c61db1b00

Aguardo o print do comprovante abaixo

Obrigado"
1981735291019776104,@GustavoCar81410,@0B8aAfXLj7,2025-10-24T14:51:26.000Z,False,345,7,0,0,pt,True,"cnnbrasil.com.br/politica/taxac
…

Chave pix: 9f7cc436-0f6c-4173-a89e-0e4c61db1b00

Aguardo o print do comprovante abaixo

Obrigado"
1981733652091240939,@SidneiaAlmeid10,@blogdopannunzio,2025-10-24T14:44:56.000Z,False,3,0,0,0,pt,False,Absurdo é querer  taxar o PIX .
1981728312473874468,@MarcelCFCAmorim,@lunazarattini,2025-10-24T14:23:43.000Z,False,61,0,0,1,pt,False,"Não é Paulo Freire, não sou idiota ao ponto de acreditar,  por exemplo, que um ex-Presidente recebe R$ 17 milhões em PIX para pagar uma multa que foi anistiada e os seus apoiadores correram para impedir a verificação do PIX alegando uma taxação que nunca existiu e isso é só um."
1981728312473874468,@MarcelCFCAmorim,@JPReturn,2025-10-24T14:23:43.000Z,False,61,0,0,1,pt,False,"Não é Paulo Freire, não sou idiota ao ponto de acreditar,  por exemplo, que um ex-Presidente recebe R$ 17 milhões em PIX para pagar uma multa que foi anistiada e os seus apoiadores correram para impedir a verificação do PIX alegando uma taxação que nunca existiu e isso é só um."
1974115156583178588,@MTheLightbringr,@mariamamorango,2025-10-03T14:11:45.000Z,True,160,0,0,0,pt,False,"Boa tentativa receita federal, vc n vai conseguir cruzar meus dados pra taxar meus pix (16/03/2000)"
1974103629188714787,@leandroamaral84,@nikolas_dm,2025-10-03T13:25:56.000Z,False,233,3,0,1,pt,False,"Fez vídeo contra o PIX que acabou em bilhões de descontos dos aposentados e lavagem de dinheiro das fintechs, votou a favor e defendeu a PEC da Bandidagem, estava tentando atrapalhar a votação do IR, porque é contra taxar os ricos, emendas para seu tio. O povo não vai esquecer.."
1974085572802326723,@grok,@oklJ69vKTt,2025-10-03T12:14:11.000Z,True,21,0,0,0,pt,True,"Não, não há taxação no PIX. O governo revogou uma regra de monitoramento de transações acima de R$5 mil (não era imposto), e editou MP 1288/2025 proibindo cobranças extras. Fontes como BBC e 
Gov.br confirmam: é desinformação, sem anúncio oficial ou cobertura em"
1974085572802326723,@grok,@MedicoLiberdade,2025-10-03T12:14:11.000Z,True,21,0,0,0,pt,True,"Não, não há taxação no PIX. O governo revogou uma regra de monitoramento de transações acima de R$5 mil (não era imposto), e editou MP 1288/2025 proibindo cobranças extras. Fontes como BBC e 
Gov.br confirmam: é desinformação, sem anúncio oficial ou cobertura em"
1974085572802326723,@grok,@politics193,2025-10-03T12:14:11.000Z,True,21,0,0,0,pt,True,"Não, não há taxação no PIX. O governo revogou uma regra de monitoramento de transações acima de R$5 mil (não era imposto), e editou MP 1288/2025 proibindo cobranças extras. Fontes como BBC e 
Gov.br confirmam: é desinformação, sem anúncio oficial ou cobertura em"
1974083985723805785,@MatosMisrael,,2025-10-03T12:07:53.000Z,True,43,0,0,0,pt,True,"E o governo querendo taxar meu pix de 500 pila....eles são bons para fiscalizar o trabalhador e o empresário que gera empregos, mas o ladrão de dinheiro de idoso aposentado é maior burocracia."
1974078197882089652,@CurintiaSemGPS,@diasjonny,2025-10-03T11:44:53.000Z,False,960,0,0,0,pt,False,Que taxação do pix
1974078197882089652,@CurintiaSemGPS,@NewsLiberdade,2025-10-03T11:44:53.000Z,False,960,0,0,0,pt,False,Que taxação do pix
1966164259588682237,@may_amorim1,@madeinbajor,2025-09-11T15:37:43.000Z,False,34,0,0,0,pt,False,"Duas guerras acontecendo,o mundo caminhando pra 3° guerra mundial, aquecimento global. Taxação no Brasil, julgamento no STF, Donald Trump querendo acabar com o pix
E o povo proecupado com essas bobeira"
1966123197214208130,@jardinermoura,,2025-09-11T12:54:33.000Z,False,46,0,0,0,pt,False,"pix sofrendo alteração, imposto em FIIS, aluguel a receita vai rastrear  pra impedir sonegação, (imposto de 27,5%), logo, ano q vem teremos: maior número de golpes no pix, aluguel EXTREMAMENTE caro, carne cara com essa nova exportação do lula, e por aí vai, governo do amor "
1966105528490181059,@evanitter,@authenticity,2025-09-11T11:44:21.000Z,False,583,4,0,1,pt,False,"o pix caindo pra falar bem do gil, o mesmo que dias atrás tava putinho pq iam taxar os ricos."
1966105528490181059,@evanitter,@gandredes,2025-09-11T11:44:21.000Z,False,583,4,0,1,pt,False,"o pix caindo pra falar bem do gil, o mesmo que dias atrás tava putinho pq iam taxar os ricos."
1966104123989995597,@grok,@JhoonGamerPRD,2025-09-11T11:38:46.000Z,True,46,0,0,0,pt,False,"Não há uma análise completa de todos os tweets de nikolas_dm para calcular uma porcentagem exata de fake news. De fontes variadas como Folha, CNN e Reuters, em 2025, verificações identificaram imprecisões em posts sobre taxação do Pix e outros temas, mas representam casos"
1966104123989995597,@grok,@sousa_reni,2025-09-11T11:38:46.000Z,True,46,0,0,0,pt,False,"Não há uma análise completa de todos os tweets de nikolas_dm para calcular uma porcentagem exata de fake news. De fontes variadas como Folha, CNN e Reuters, em 2025, verificações identificaram imprecisões em posts sobre taxação do Pix e outros temas, mas representam casos"
1966104123989995597,@grok,@nikolas_dm,2025-09-11T11:38:46.000Z,True,46,0,0,0,pt,False,"Não há uma análise completa de todos os tweets de nikolas_dm para calcular uma porcentagem exata de fake news. De fontes variadas como Folha, CNN e Reuters, em 2025, verificações identificaram imprecisões em posts sobre taxação do Pix e outros temas, mas representam casos"
1966072035341226067,@_gabrielbrazao,@crgfaria,2025-09-11T09:31:15.000Z,False,12,0,0,0,pt,False,Kkkkkkkkkkkkkk. Pqp conseguir ajudar o pcc a roubar mais ne ? Vou nem perde meu tempo com alienado q ate hj acredita nessa taxação do pix
1966072035341226067,@_gabrielbrazao,@nikolas_dm,2025-09-11T09:31:15.000Z,False,12,0,0,0,pt,False,Kkkkkkkkkkkkkk. Pqp conseguir ajudar o pcc a roubar mais ne ? Vou nem perde meu tempo com alienado q ate hj acredita nessa taxação do pix
1966072035341226067,@_gabrielbrazao,@douglas69denovo,2025-09-11T09:31:15.000Z,False,12,0,0,0,pt,False,Kkkkkkkkkkkkkk. Pqp conseguir ajudar o pcc a roubar mais ne ? Vou nem perde meu tempo com alienado q ate hj acredita nessa taxação do pix
1958914850190713316,@grok,@ARC_antricardo,2025-08-22T15:31:09.000Z,True,17,0,0,1,pt,True,"Não, transferências via PIX não pagam impostos diretamente, pois equivalem a pagamentos em dinheiro. Porém, no caso de doações, pode haver incidência de ITCMD (imposto estadual, como 4% em SP), e elas devem ser declaradas à Receita Federal. Consulte um contador para detalhes"
1958914850190713316,@grok,@KaguetaBR,2025-08-22T15:31:09.000Z,True,17,0,0,1,pt,True,"Não, transferências via PIX não pagam impostos diretamente, pois equivalem a pagamentos em dinheiro. Porém, no caso de doações, pode haver incidência de ITCMD (imposto estadual, como 4% em SP), e elas devem ser declaradas à Receita Federal. Consulte um contador para detalhes"
1958914850190713316,@grok,@sign-up,2025-08-22T15:31:09.000Z,True,17,0,0,1,pt,True,"Não, transferências via PIX não pagam impostos diretamente, pois equivalem a pagamentos em dinheiro. Porém, no caso de doações, pode haver incidência de ITCMD (imposto estadual, como 4% em SP), e elas devem ser declaradas à Receita Federal. Consulte um contador para detalhes"
1958914850190713316,@grok,@a_jessicao,2025-08-22T15:31:09.000Z,True,17,0,0,1,pt,True,"Não, transferências via PIX não pagam impostos diretamente, pois equivalem a pagamentos em dinheiro. Porém, no caso de doações, pode haver incidência de ITCMD (imposto estadual, como 4% em SP), e elas devem ser declaradas à Receita Federal. Consulte um contador para detalhes"
1958899407182516400,@itsmemarcos__,@pedrorousseff,2025-08-22T14:29:47.000Z,False,52,0,0,0,pt,False,Por isso ficou tão preocupado quando surgiu a possibilidade do Pix ser fiscalizado mesmo em valores baixo. Inventou até a fake da ‘taxação do Pix’
1958891906093473875,@cjnbrs1675,@21f6TEkEHb,2025-08-22T13:59:59.000Z,False,10,0,0,0,pt,True,Poisé né..só na campanha de Pix  foram 19 milhões....tudo registrado no imposto de renda....agora me diz onde estão os 300 milhões do Marcelo Odebrecht?
1958891906093473875,@cjnbrs1675,@Vozdobrasilbr,2025-08-22T13:59:59.000Z,False,10,0,0,0,pt,True,Poisé né..só na campanha de Pix  foram 19 milhões....tudo registrado no imposto de renda....agora me diz onde estão os 300 milhões do Marcelo Odebrecht?
1958891906093473875,@cjnbrs1675,@leoopalhares,2025-08-22T13:59:59.000Z,False,10,0,0,0,pt,True,Poisé né..só na campanha de Pix  foram 19 milhões....tudo registrado no imposto de renda....agora me diz onde estão os 300 milhões do Marcelo Odebrecht?
1958888522435162225,@antifacho1945,@matheusdias1230,2025-08-22T13:46:32.000Z,False,129,7,0,0,pt,False,"Mas naquela primeira onda de ataques ao pix, a massa bolsonarista começou a atacar o pix imediatamente, a mesma que a alguns meses atrás acusava o governo de tentar taxar o serviço."
1958888522435162225,@antifacho1945,@Samuelsworld,2025-08-22T13:46:32.000Z,False,129,7,0,0,pt,False,"Mas naquela primeira onda de ataques ao pix, a massa bolsonarista começou a atacar o pix imediatamente, a mesma que a alguns meses atrás acusava o governo de tentar taxar o serviço."
1958887482419720358,@DEMOCRACIAPONTO,@pedrorousseff,2025-08-22T13:42:24.000Z,True,91,4,1,1,pt,False," VERGONHOSO UM TRABALHADOR NÃO GANHA R$ 20 MIL POR ANO E BOLSONARO LADRÃO ? GANHAM EM UM ANO MILHÕES DE REAIS POR PIX.
 ESTÁ PARECENDO LAVAGEM DE DINHEIRO.
 POR ISSO QUE TEMOS QUE TAXAR OS SUPER RICOS E A REJEITA INVESTIGAR MOVIMENTAÇÕES ESTRANHAS."
1958884147750994400,@JohnnySuriel7,@nahnoooooo,2025-08-22T13:29:09.000Z,False,26,1,0,0,pt,False,"Vc não qrer acreditar, não quer dizer q seja mentira, oq mais tem são vídeos didáticos e explicativos provando e refutando todas as mentiras do Nikolas, aquele video q mais bombou é a maior prova, da taxação do pix que nunca sequer foi cogitada pelo governo, alias, quem qria"
1958884147750994400,@JohnnySuriel7,@republiqueBRA,2025-08-22T13:29:09.000Z,False,26,1,0,0,pt,False,"Vc não qrer acreditar, não quer dizer q seja mentira, oq mais tem são vídeos didáticos e explicativos provando e refutando todas as mentiras do Nikolas, aquele video q mais bombou é a maior prova, da taxação do pix que nunca sequer foi cogitada pelo governo, alias, quem qria"
1958884147750994400,@JohnnySuriel7,@gabrielnvlxs7,2025-08-22T13:29:09.000Z,False,26,1,0,0,pt,False,"Vc não qrer acreditar, não quer dizer q seja mentira, oq mais tem são vídeos didáticos e explicativos provando e refutando todas as mentiras do Nikolas, aquele video q mais bombou é a maior prova, da taxação do pix que nunca sequer foi cogitada pelo governo, alias, quem qria"
1951296872217301356,@th3d1n03,,2025-08-01T15:00:02.000Z,False,15,0,0,0,pt,True,"Primeiro de agosto, dia da taxação do Trump começar a valer (tudo por causa que ele quer tirar o Pix, sistema de pagamento fácil exclusivo do Brasil, e que todo mundo usa (até mesmo lugares fora do Brasil)).

Mas, já digo algo:"
1951296503047242092,@LUCAS1908o,@CsBruno_,2025-08-01T14:58:34.000Z,False,13,1,0,1,pt,False,"Acho que quem acabou com a Lavajato não foi o PT em, foi presidente mimizento que não queria que tocasse no filho né !? E sobre a taxação do pix, vc sabe quem tentou implementar? Você conhece Valdemar da costa neto, braço direito do grande Bolsonaro ! Você lembra do color?"
1951296503047242092,@LUCAS1908o,@Lushenbark,2025-08-01T14:58:34.000Z,False,13,1,0,1,pt,False,"Acho que quem acabou com a Lavajato não foi o PT em, foi presidente mimizento que não queria que tocasse no filho né !? E sobre a taxação do pix, vc sabe quem tentou implementar? Você conhece Valdemar da costa neto, braço direito do grande Bolsonaro ! Você lembra do color?"
1951296503047242092,@LUCAS1908o,@lazarorosa25,2025-08-01T14:58:34.000Z,False,13,1,0,1,pt,False,"Acho que quem acabou com a Lavajato não foi o PT em, foi presidente mimizento que não queria que tocasse no filho né !? E sobre a taxação do pix, vc sabe quem tentou implementar? Você conhece Valdemar da costa neto, braço direito do grande Bolsonaro ! Você lembra do color?"
1951287761459355853,@grok,@guilherme_amado,2025-08-01T14:23:50.000Z,True,36,0,0,1,pt,False,"Entendo seu ponto, Luís. O vídeo de Nikolas (jan/2025) viralizou com críticas à fiscalização do Pix (revogada), mas fact-checks (Folha, Estadão) apontam imprecisões, como insinuar taxação sem base. Foi alarmista por receio real de impostos, mas beira desinformação. Diferente de"
1951287761459355853,@grok,@Luis_C4_Carrara,2025-08-01T14:23:50.000Z,True,36,0,0,1,pt,False,"Entendo seu ponto, Luís. O vídeo de Nikolas (jan/2025) viralizou com críticas à fiscalização do Pix (revogada), mas fact-checks (Folha, Estadão) apontam imprecisões, como insinuar taxação sem base. Foi alarmista por receio real de impostos, mas beira desinformação. Diferente de"
1951285461227339817,@Luis_C4_Carrara,@grok,2025-08-01T14:14:41.000Z,True,45,0,0,1,pt,False,"Exatamente, vamos em frente. A taxação pix a que se refere foram as veiculadas dizendo que TRUMP taxaria ou acabaria com o PIX?"
1951285461227339817,@Luis_C4_Carrara,@guilherme_amado,2025-08-01T14:14:41.000Z,True,45,0,0,1,pt,False,"Exatamente, vamos em frente. A taxação pix a que se refere foram as veiculadas dizendo que TRUMP taxaria ou acabaria com o PIX?"
1951284506582982998,@grok,@guilherme_amado,2025-08-01T14:10:54.000Z,True,54,0,0,1,pt,False,"Obrigado pelo reconhecimento, Luis_C4_Carrara. Sobre blogueiros de esquerda recebendo pix para mentiras: buscas mostram acusações semelhantes contra ambos os lados, mas fake news recentes (como taxação do Pix) são mais ligadas a redes bolsonaristas. Desinformação afeta todos;"
1951284506582982998,@grok,@Luis_C4_Carrara,2025-08-01T14:10:54.000Z,True,54,0,0,1,pt,False,"Obrigado pelo reconhecimento, Luis_C4_Carrara. Sobre blogueiros de esquerda recebendo pix para mentiras: buscas mostram acusações semelhantes contra ambos os lados, mas fake news recentes (como taxação do Pix) são mais ligadas a redes bolsonaristas. Desinformação afeta todos;"
1951284448470708485,@NelsonL38060869,@MinFazenda,2025-08-01T14:10:40.000Z,False,9,0,0,0,pt,False,"Taxxad em ação novamente 
Aposto que vai taxar o Pix."
1951284448470708485,@NelsonL38060869,@Haddad_Fernando,2025-08-01T14:10:40.000Z,False,9,0,0,0,pt,False,"Taxxad em ação novamente 
Aposto que vai taxar o Pix."
1951284448470708485,@NelsonL38060869,@canalgov,2025-08-01T14:10:40.000Z,False,9,0,0,0,pt,False,"Taxxad em ação novamente 
Aposto que vai taxar o Pix."
1951274716942975377,@Mcarvalho_Farma,@a_jessicao,2025-08-01T13:32:00.000Z,False,153,7,0,1,pt,False,"LULA QUER TAXAR OS SUPER RICOS    

BOLSONARO QUER TAXAR O PIX E O BRASIL     

ESSA É A DIFERENÇA 
DE QUE LADO VOCÊS ESTÃO??"
1943727718899527926,@EltonT58570,@VEJA,2025-07-11T17:42:55.000Z,False,17,0,0,0,pt,True,"Lula de braços com ditadores e a culpa do Bolsonaro! É tudo culpa dele, dolar; selic; IOF, pix, e agora a taxação !!"
1943721213596938322,@mr_pitaco,@SamPancher,2025-07-11T17:17:04.000Z,False,380,4,0,1,pt,False,"Então aquele história de Brics que alguns Bolsonaristas querem aplicar é o menos.
A treta maior é para livrar Bolsonaro da cadeia.
E Bananinha recebendo pix, comemorando taxação ameaçando o Brasil fazendo exigência como um sequestrador.
Essa é a taxa Bolsonaro.
Brasil Soberano!"
1943715062285238782,@mestreanciaobr,@BolsonaroSP,2025-07-11T16:52:37.000Z,False,12,0,0,0,pt,False,"Pqp cara, agradecer taxação em 50%???!!! Eu moro no Brasil fdp. Não tô na Flórida vivendo de Pix Patriota não"
1943715062285238782,@mestreanciaobr,@realDonaldTrump,2025-07-11T16:52:37.000Z,False,12,0,0,0,pt,False,"Pqp cara, agradecer taxação em 50%???!!! Eu moro no Brasil fdp. Não tô na Flórida vivendo de Pix Patriota não"
1943712951132623175,@ColetivoSalaPT,@LulaOficial,2025-07-11T16:44:14.000Z,True,111,8,4,2,pt,False,"Presidente 
@LulaOficial
  combate a desinformação, não ""censura opositores""
As propostas de regulação de redes sociais visam conter conteúdos falsos com impacto econômico e social, como notícias inventadas sobre taxação do Pix, INSS . Isso é distinto de censura. DEFENDA O BRASIL"
1943697195586162812,@robertotebotre,@jairbolsonaro,2025-07-11T15:41:38.000Z,False,18,4,0,0,pt,False,"Pra livrar a cara dos crimes cometidos pelo Bozo,por tentativa de golpe de estado, por não saber perder, seu filho foi aos EUA pedir pro Trump taxar o Brasil em 50% nas exportações, se ferrou, é mais um agravante pra ele e  Bolsonaro irem pra cadeia.
Ainda tem idiota que faz pix."
1943696347812540884,@clyltonsilva,@govbr,2025-07-11T15:38:16.000Z,False,15,0,0,0,pt,False,"É Bizarro ver uma postagem dessas e ver que ainda tem gente que acredita. Desde quando os super ricos compram blusinhas importadas da china? Taxar os super ricos é monitorar pix acima de R$ 2.000,00? As taxas que esse Governo aumenta só atinge os mais pobres."
1943667024133070980,@jbindica,@nmvMo4k2PJ,2025-07-11T13:41:44.000Z,False,45,0,0,0,pt,True,"[Magalu] Pelúcia Mamãe Capivara + Filhotes (34cm)
 
 
jogobara.to/APuD2
 Cupom: CUPOMRELAMPAGO
• R$ 17,43 no pix
• Frete Grátis para várias regiões

 Valor sem Imposto de importação e ICMS (são calculados de acordo c/ Remessa Conforme)"
1935884852248952877,@LimaInComodo,@renanprates,2025-06-20T02:18:10.000Z,False,22,0,0,0,pt,False,"A direita, principalmente a radical, ganhou mais voz do que já tinha depois da polêmica da taxação do pix. Lula está mal visto no mero comerciante de uma cidadezinha no interior do nordeste. E o nordeste, único lugar que ele tinha força, o rejeita mais do que o ama hoje."
1935884852248952877,@LimaInComodo,@lucianocarvaIho,2025-06-20T02:18:10.000Z,False,22,0,0,0,pt,False,"A direita, principalmente a radical, ganhou mais voz do que já tinha depois da polêmica da taxação do pix. Lula está mal visto no mero comerciante de uma cidadezinha no interior do nordeste. E o nordeste, único lugar que ele tinha força, o rejeita mais do que o ama hoje."
1935881394791588283,@LimaInComodo,@GeopoliticaHoj,2025-06-20T02:04:26.000Z,False,96,0,0,2,pt,False,"Sim tenho sim, mas vamos só usar a visão racional que temos do Brasil. A polêmica da taxação do pix abalou não só as pessoas que acompanham as redes sociais, mas até mesmo o mero comerciante do interior de alguma cidade do nordeste. Lula está mal visto por essas pessoas+"
1935881394791588283,@LimaInComodo,@Jarlandasilva0,2025-06-20T02:04:26.000Z,False,96,0,0,2,pt,False,"Sim tenho sim, mas vamos só usar a visão racional que temos do Brasil. A polêmica da taxação do pix abalou não só as pessoas que acompanham as redes sociais, mas até mesmo o mero comerciante do interior de alguma cidade do nordeste. Lula está mal visto por essas pessoas+"
1935880595898355815,@luketchen33,@reporterenato,2025-06-20T02:01:15.000Z,False,280,5,0,0,pt,False,"N taxando o pix de ao menos 50k por mes ta otimo, pq engloba pobre  e pobre premium. Deixa pra taxar só  a renda msm."
1935849415983440078,@kr_scccp,@LuccasAdriano76,2025-06-19T23:57:21.000Z,False,19,0,0,1,pt,True,E acreditar em taxação do pix é coisa de gado maluco e tapado
1935849415983440078,@kr_scccp,@orlandomarts,2025-06-19T23:57:21.000Z,False,19,0,0,1,pt,True,E acreditar em taxação do pix é coisa de gado maluco e tapado
1935847069471682613,@orlandomarts,@LuccasAdriano76,2025-06-19T23:48:02.000Z,False,25,1,1,2,pt,False,"Taxação do pix é coisa de corruptos esquerdistas comunistas como todo esse desgoverno que gasta como se não houvesse amanhã!
E o povo... haha, o povo, na visão desses q estão no poder que se lasque!"
1935847069471682613,@orlandomarts,@kr_scccp,2025-06-19T23:48:02.000Z,False,25,1,1,2,pt,False,"Taxação do pix é coisa de corruptos esquerdistas comunistas como todo esse desgoverno que gasta como se não houvesse amanhã!
E o povo... haha, o povo, na visão desses q estão no poder que se lasque!"
1928485844974739893,@AnaS96756657,@DeboraFBergamo,2025-05-30T16:17:09.000Z,False,213,6,0,5,pt,False,"Antes de postar, verifique os fatos. A isenção de 5 mil não foi posta em votação ainda. Nunca houve projeto de lei p aumentar tarifa de energia. Nikolas nunca apoiou taxação de pix. Tb não houve voto contra a isenção da cesta, foi votada em destaque, após a RT."
1928483671784268041,@SebastiaoKobus,@CNNBrasil,2025-05-30T16:08:31.000Z,False,7,0,0,0,pt,False,"É, a taxação do Pix, o aumento do IOF, os prejuízos das estatais, apoiar Maduro, não criminalizar o Hamas, não aceitar o PCC e CV como terroristas, endividar o país, roubar os aposentados, todos foram grandes acertos. Kkkkk"
1928461368253985174,@Danielmplas,@reporterenato,2025-05-30T14:39:53.000Z,False,39,0,0,0,pt,False,"Fala um pouco sobre o INSS, pé de meia, respiradores, 200 malas da janja, viagens e hotéis de luxo, aumento do IOF, taxação do pix, desvios na “cultura”, corte da saúde, irmão do Lula recebendo dinheiro do INSS, desmatamentos, preço do café, da picanha, do Gás… acho que isso já"
1928452792282226933,@Marciodjn,,2025-05-30T14:05:49.000Z,True,12,0,0,0,pt,True,"A bomba fiscal já explodiu faz tempo, tanto é q, foram desesperados atrás d taxar Pix e agora o IOF..."
1928446664341074108,@zogzogbene,@pedro_araken,2025-05-30T13:41:28.000Z,False,133,8,0,1,pt,False,"Que haveria taxação, sendo que foi um IN da receita para aumentar a fiscalização sobre quem estava fraudando a declaração. Algo que já tinha feito sobre outros itens que compõem transação financeira. Inclusive ele ignorou que a única proposta de taxação do PIX era do Guedes."
1928446664341074108,@zogzogbene,@Mendes2kn,2025-05-30T13:41:28.000Z,False,133,8,0,1,pt,False,"Que haveria taxação, sendo que foi um IN da receita para aumentar a fiscalização sobre quem estava fraudando a declaração. Algo que já tinha feito sobre outros itens que compõem transação financeira. Inclusive ele ignorou que a única proposta de taxação do PIX era do Guedes."
1920869927335911662,@AiikawaVG,@JornalOGlobo,2025-05-09T15:54:13.000Z,False,46,0,0,0,pt,False,"É porque não tem mentira, é verdade, tipo o vídeo do pix, não tem mentira nenhuma.
Pra falar mal do governo de merda q o Lula tá fazendo nem precisa mais da mamadeira de piroca, é só falar a verdade q o Lula faz, tipo taxar comprinha de pobre e tal"
1920869927335911662,@AiikawaVG,@Socorrofpb,2025-05-09T15:54:13.000Z,False,46,0,0,0,pt,False,"É porque não tem mentira, é verdade, tipo o vídeo do pix, não tem mentira nenhuma.
Pra falar mal do governo de merda q o Lula tá fazendo nem precisa mais da mamadeira de piroca, é só falar a verdade q o Lula faz, tipo taxar comprinha de pobre e tal"
1920849851220217882,@g4rr4g4mer,@PedroRonchi2,2025-05-09T14:34:26.000Z,False,59,2,0,0,pt,False,É igual quando disseram que o Nikolas mentiu ao afirmar que o governo queria taxar o Pix. Quem assistiu ao vídeo sabe que ele nunca disse isso. E o que o governo fez? Voltou atrás.
1920837089215516713,@MoisesNagabuchi,@jonasrsantana,2025-05-09T13:43:44.000Z,False,8,0,0,0,pt,False,Suposta taxação do pix? Sei. Suposto roubo do INSS.
1920837089215516713,@MoisesNagabuchi,@folha,2025-05-09T13:43:44.000Z,False,8,0,0,0,pt,False,Suposta taxação do pix? Sei. Suposto roubo do INSS.
1920835975074218175,@Ricardo00936448,@roxmo,2025-05-09T13:39:18.000Z,False,72,2,0,0,pt,False,"1) Taxar o pix dos mais pobres  
2) Emprestar o dinheiro do FGTS e cobrar juros  
3) Roubar , Bilhões, dos aposentados  
Qual será a próxima ideia genial do DESgoverno "
1920835798980493699,@Ricardo00936448,@LucasdiGrassi,2025-05-09T13:38:36.000Z,False,65,1,0,1,pt,False,"1) Taxar o pix dos mais pobres  
2) Emprestar o dinheiro do FGTS e cobrar juros  
3) Roubar , Bilhões, dos aposentados  
Qual será a próxima ideia genial do DESgoverno "
1913237684400648401,@boza_neneco,@thaispsic,2025-04-18T14:26:24.000Z,False,12,0,0,0,pt,False,"lembram do pix? só  ia controlar por controlar... agora  o cadastro de bicho ... é só pro dono poder registrar em seu nome e chamar de filho... puro amor, sem intensão de taxar ninguém..."
1913209283904479462,@grok,@imagine,2025-04-18T12:33:33.000Z,True,15,0,0,0,pt,True,"Nikolas Ferreira não disse diretamente que o governo taxaria o Pix, mas afirmou: ""Pix não será taxado, mas não duvido que possa ser."" Essa frase ambígua gerou confusão e contribuiu para desinformação. O governo negou qualquer plano de taxar o Pix, e não há evidências disso em"
1913209283904479462,@grok,@fatima_klaus,2025-04-18T12:33:33.000Z,True,15,0,0,0,pt,True,"Nikolas Ferreira não disse diretamente que o governo taxaria o Pix, mas afirmou: ""Pix não será taxado, mas não duvido que possa ser."" Essa frase ambígua gerou confusão e contribuiu para desinformação. O governo negou qualquer plano de taxar o Pix, e não há evidências disso em"
1913209283904479462,@grok,@lazarorosa25,2025-04-18T12:33:33.000Z,True,15,0,0,0,pt,True,"Nikolas Ferreira não disse diretamente que o governo taxaria o Pix, mas afirmou: ""Pix não será taxado, mas não duvido que possa ser."" Essa frase ambígua gerou confusão e contribuiu para desinformação. O governo negou qualquer plano de taxar o Pix, e não há evidências disso em"
1913209283904479462,@grok,@LuizClaudioLem1,2025-04-18T12:33:33.000Z,True,15,0,0,0,pt,True,"Nikolas Ferreira não disse diretamente que o governo taxaria o Pix, mas afirmou: ""Pix não será taxado, mas não duvido que possa ser."" Essa frase ambígua gerou confusão e contribuiu para desinformação. O governo negou qualquer plano de taxar o Pix, e não há evidências disso em"
1913208814293131595,@LuizClaudioLem1,@grok,2025-04-18T12:31:41.000Z,False,32,0,0,1,pt,False,"@grok
 o deputado federal Nicolas ferreira espalhou que o governo iria taxar o pix?"
1913208814293131595,@LuizClaudioLem1,@fatima_klaus,2025-04-18T12:31:41.000Z,False,32,0,0,1,pt,False,"@grok
 o deputado federal Nicolas ferreira espalhou que o governo iria taxar o pix?"
1913208814293131595,@LuizClaudioLem1,@lazarorosa25,2025-04-18T12:31:41.000Z,False,32,0,0,1,pt,False,"@grok
 o deputado federal Nicolas ferreira espalhou que o governo iria taxar o pix?"
1913193441242001830,@badnews93,@TheIncorrupt_,2025-04-18T11:30:36.000Z,False,12,0,0,0,pt,False,"Ah pronto, é o novo: ""Vão taxar o PIX"""
1913096416316039231,@Supimpo10,@SeriesBrasil,2025-04-18T05:05:03.000Z,False,607,10,0,0,pt,False,Pois é. Impossivek imaginar que esse governo va criar tantos impostos não é mesmo? Nunca aconteceu antes. Até tiveram que clvoltar atrás no projeto da taxação do pix pq pegou mal e depois foi revelado que era pra taxar mesmo apesar de todo o malabarismo pra fingir que não era
1913096416316039231,@Supimpo10,@chinazulceleste,2025-04-18T05:05:03.000Z,False,607,10,0,0,pt,False,Pois é. Impossivek imaginar que esse governo va criar tantos impostos não é mesmo? Nunca aconteceu antes. Até tiveram que clvoltar atrás no projeto da taxação do pix pq pegou mal e depois foi revelado que era pra taxar mesmo apesar de todo o malabarismo pra fingir que não era
1905415162762260507,@tdhoratheoffice,@authenticity,2025-03-28T00:22:30.000Z,True,334,5,0,0,pt,True,Meu amigo Paulo Kogos full pistola com a taxação do PIX
1905394014922088589,@wanndie2night,@gTlM4t0KFH,2025-03-27T22:58:28.000Z,False,89,0,0,0,pt,False,"pq cartao tem imposto... se for empresa grande q se foda, agr se for pra senhorinha q vende flor é so no pix 
t.co/gTlM4t0KFH"
1905392233240498668,@iuriheberle,@NewsLiberdade,2025-03-27T22:51:23.000Z,False,22,0,0,0,pt,False,"lembrando que o pix não é taxado, quem é taxado é quem recebeu por pix e não declarou , o pix não é taxado,mas  vai ser usado para taxar você sim !!!"
1905360279854023012,@marizapba,@nikolas_dm,2025-03-27T20:44:25.000Z,False,73,1,0,0,pt,False,"Os 50,4 bilhões q vcs pegaram do executivo já entra na conta de vcs livre do imposto de renda, ou a receita cobra quando cai no seu pix, conta corrente ou poupança? faça um vídeo explicando isso pra gente, o povo quer saber, pq afinal 50,4 bilhões é muito dinheiro, isso é p/ano?"
1905335649206476865,@robtlls,@grok,2025-03-27T19:06:32.000Z,False,76,0,0,0,pt,False,"Exatamente, é mesma nessas condições Bolsonaro não sancionou nenhum imposto, pelo contrário reduziu! O Lula sancionou 12 impostos e vem o Pix e Pet por ae kkkkk perderam política pública atoa só por que Aras estava no governo kkkkkk merecem"
1905335649206476865,@robtlls,@luanufal,2025-03-27T19:06:32.000Z,False,76,0,0,0,pt,False,"Exatamente, é mesma nessas condições Bolsonaro não sancionou nenhum imposto, pelo contrário reduziu! O Lula sancionou 12 impostos e vem o Pix e Pet por ae kkkkk perderam política pública atoa só por que Aras estava no governo kkkkkk merecem"
1905318987174453650,@grok,@thiagosr_1007,2025-03-27T18:00:20.000Z,True,43,0,0,1,pt,False,"Nada no vídeo parece ser fato errado. A monitoramento de transações Pix acima de R$5 mil (pessoas) e R$15 mil (empresas) é real, confirmado por relatórios. A ideia de taxação futura é opinião, não fato. A visão de que trabalhadores informais são alvos como ""grandes sonegadores"""
1905318987174453650,@grok,@nikolas_dm,2025-03-27T18:00:20.000Z,True,43,0,0,1,pt,False,"Nada no vídeo parece ser fato errado. A monitoramento de transações Pix acima de R$5 mil (pessoas) e R$15 mil (empresas) é real, confirmado por relatórios. A ideia de taxação futura é opinião, não fato. A visão de que trabalhadores informais são alvos como ""grandes sonegadores"""
1898098639802716593,@OperadorMercado,@gleisi,2025-03-07T19:49:15.000Z,False,38,3,1,0,pt,False,Uma forma de monitorar o pix pra taxar né?
1898095339254567228,@azeitona,@BancoCentralBR,2025-03-07T19:36:08.000Z,False,64,0,0,1,pt,False,"Parece golpe porque é golpe: toda conta bancária já tem obrigatoriamente um CPF vinculado. Mas se a chave é um celular ou e-mail, o governo não sabe de quem é.

PORTANTO, essa medida é aquela da taxação do pix. É exatamente a mesma coisa. 

Faz o L."
1898087316675346825,@TheRastrian,@ayubio,2025-03-07T19:04:15.000Z,True,32,0,0,1,pt,False,"Dado os eventos recentes do governo não me surpreende se for algo como um termômetro pra ver o que a população acha, tivemos isso com a falha de comunicação sobre a taxação do PIX, o que impede de que pra temas mais sérios o comportamento não seja similar ?"
1898087316675346825,@TheRastrian,@v_torugo,2025-03-07T19:04:15.000Z,True,32,0,0,1,pt,False,"Dado os eventos recentes do governo não me surpreende se for algo como um termômetro pra ver o que a população acha, tivemos isso com a falha de comunicação sobre a taxação do PIX, o que impede de que pra temas mais sérios o comportamento não seja similar ?"
1898086663693213753,@PrMariosilvajr,,2025-03-07T19:01:40.000Z,True,5,0,0,0,pt,False,Haddad é Dilmo sonham em taxar o pix.
1898083570616295475,@allanrendeiro,@jairbolsonaro,2025-03-07T18:49:22.000Z,True,49,1,1,0,pt,False,"Primeiro ele faz um de APOIO IRRESTRITO AO 
@jairbolsonaro
, dizendo que ele estará no RIO DE JANEIRO em 18/3. Depois ele faz outro similar ao do PIX mostrando a finalidade da proposta do governo de taxar o povo de forma indireta."
1898081134468288925,@ricardo_nakaoka,@lucasarruda,2025-03-07T18:39:41.000Z,False,39,2,0,2,pt,False,"Pelo que entendi, é pra evitar golpes, tipo com CPF de morto ou cancelado. E é beeeem difícil ter o CPF cancelado no Brasil por não pagar imposto. Se uma pessoa viva e, digamos, honesta tiver o CPF cancelado, essa deve ser uma preocupação maior do que não fazer um PIX."
1898081134468288925,@ricardo_nakaoka,@bfr_oroboro,2025-03-07T18:39:41.000Z,False,39,2,0,2,pt,False,"Pelo que entendi, é pra evitar golpes, tipo com CPF de morto ou cancelado. E é beeeem difícil ter o CPF cancelado no Brasil por não pagar imposto. Se uma pessoa viva e, digamos, honesta tiver o CPF cancelado, essa deve ser uma preocupação maior do que não fazer um PIX."
1890539233619693695,@VxnxLima,@cristao2212,2025-02-14T23:10:52.000Z,False,28,0,0,2,pt,False,"CEOs só pensam em sua fortuna, desde quando são paladinos da justiça? A ditadura de 64 se chama ditadura empresarial militar por um motivo. Nikolas é um desonesto que ficou quieto quando Guedes propôs a taxação (real) do pix."
1890539233619693695,@VxnxLima,@semnomefds96,2025-02-14T23:10:52.000Z,False,28,0,0,2,pt,False,"CEOs só pensam em sua fortuna, desde quando são paladinos da justiça? A ditadura de 64 se chama ditadura empresarial militar por um motivo. Nikolas é um desonesto que ficou quieto quando Guedes propôs a taxação (real) do pix."
1890539233619693695,@VxnxLima,@Amandavettorazz,2025-02-14T23:10:52.000Z,False,28,0,0,2,pt,False,"CEOs só pensam em sua fortuna, desde quando são paladinos da justiça? A ditadura de 64 se chama ditadura empresarial militar por um motivo. Nikolas é um desonesto que ficou quieto quando Guedes propôs a taxação (real) do pix."
1890536245052195263,@Thais_ssilva,@ThiagoResiste,2025-02-14T22:58:59.000Z,False,234,0,0,0,pt,False,"Tenho que discordar com vc,
O povo só enxerga os preços da feira e supermercado, além da história da taxação das compras e agora Pix nem totalmente foi só comunicação"
1890535579906957704,@matheusfgol,,2025-02-14T22:56:21.000Z,True,40,0,0,0,pt,True,As coisas no mercado estão caras + “taxa da shein” + a fake news de taxar o pix (e até hj o povo está falando disso) + alguns ministros incompententes + comunicação ruim = resultado aí
1890534894796771773,@AbilioMarq1,@Miltonneves,2025-02-14T22:53:38.000Z,False,90,0,0,0,pt,False,Acabou faz dias já; chuto que desde a taxação das blusinhas e a pá de cal foi  o PIX
1890532572381200453,@noldorheir,@authenticity,2025-02-14T22:44:24.000Z,False,59,2,0,1,pt,False,"Qual vai ser a reação do governo ccom essa pesquisa? rs

O governo tem perdido todos os timings...
Perdeu o do ajuste fiscal, 'taxação do pix' e 'taxa das blusinhas' machucando a reputação do governo, inflação saindo dos trilhos... eita!"
2034075810143871387,@UrubuEspacial,,2026-03-18T01:13:59.000Z,False,49,0,0,0,pt,False,"noticias que vi por aqui hj (não sei o quanto são verdadeiras) 
- cadastro govbr em hoteis
- split payment - sistema que cobra imposto ao receber pix/credito
- distro de linux bloqueadas no Brasil
os lambe saco da china devem ta tudo feliz né?"
2034074413671276603,@_ostefano,@HenriqueSTO1,2026-03-18T01:08:26.000Z,False,2800,73,0,5,pt,False,aquela palhaçada de taxação do pix era a janela perfeita pra subir o teto do mei e fazer uma campanha de formalização de autônomo. não dá pra entender mesmo.
1882940148238766107,@sxarxszz,@o_xaavier,2025-01-24T23:54:49.000Z,False,190,0,0,1,pt,False,"Mesma coisa que: ""Nikolas não disse com essas palavras que o Lula vai taxar o pix, mas disse que o governo prometeu não taxar as comprinhas da shein e mesmo assim taxou, mas é a mesma coisa que dizer que o Lula quer taxar o pix."""
1882940148238766107,@sxarxszz,@ataldavivis,2025-01-24T23:54:49.000Z,False,190,0,0,1,pt,False,"Mesma coisa que: ""Nikolas não disse com essas palavras que o Lula vai taxar o pix, mas disse que o governo prometeu não taxar as comprinhas da shein e mesmo assim taxou, mas é a mesma coisa que dizer que o Lula quer taxar o pix."""
1882939979963453870,@pennysleeze,,2025-01-24T23:54:09.000Z,False,71,0,0,0,pt,False,"Já vi que o Haddad tá querendo regulamentar o vale alimentação/refeição, pq esse povo inventa de querer mexer no que tá quieto? Isso só gera publicidade péssima paga a esquerda, é pix, é taxação de comprinhas, agora vai mexer com vale alimentação ?! "
1882939363451134056,@diegosants11,@8epUU1AZ7m,2025-01-24T23:51:42.000Z,False,30,0,0,0,pt,True,Como viralizou o vídeo de Nikolas Ferreira que alimenta desinformação sobre taxação do Pix Leia mais em
1882938578990465283,@sxarxszz,,2025-01-24T23:48:35.000Z,False,84,0,0,0,pt,False,Logo ele nunca disse que o Lula quer taxar o pix
1882938413286055979,@sxarxszz,@xandeob,2025-01-24T23:47:55.000Z,False,56,0,0,0,pt,False,O mais incrível é que o Nikolas nunca disse que o Lula queria taxar o pix.
1882938306306158998,@Daubi,@falador10960616,2025-01-24T23:47:30.000Z,False,22,0,0,1,pt,False,"Veja o episódio em relação a taxação do PIX.

Mesmo com todos os desmentidos, milhões de pessoas estão convencidas de que é verdade e pararam de usar o pix.

É uma comparação um pouco xula, eu sei. No entanto, mostra a facilidade de uma mentira se sobressair por séculos."
1875262115659051136,@MarcosVGR10,@GloboNews,2025-01-03T19:25:03.000Z,False,14,0,0,0,pt,False,"Ainda espero mais pessoas, tem muito mais pra entrar em jogo, vamos ver quantos vcs vão taxar de EXTREMA DIREITA,FACISTA, NEGACIONISTA, RACISTA, HOMOFÓBICO , pra bancar um larápio condenado, até quando vai cair esse PIX??????"
1875261698782982315,@arrascamalvadao,@AndreLuizDDog,2025-01-03T19:23:24.000Z,False,66,1,0,2,pt,False,"5 mil total   colega,  se vc tem seu salário e seu salário  receber um aluguel de 2k por ex e passar de 5 vão puxar e taxar seu aluguel.
 Pix recorrente,
."
1875261698782982315,@arrascamalvadao,@Maria197609,2025-01-03T19:23:24.000Z,False,66,1,0,2,pt,False,"5 mil total   colega,  se vc tem seu salário e seu salário  receber um aluguel de 2k por ex e passar de 5 vão puxar e taxar seu aluguel.
 Pix recorrente,
."
1875154405986824204,@Alecomenta05,@crushdobbb20,2025-01-03T12:17:03.000Z,True,353,2,1,0,pt,False,Não há previsão de taxação para transações com PIX realizado por pessoas físicas. A Lei não mudou.
1875147861685612702,@FabioFe33595092,@tomcrypto_web3,2025-01-03T11:51:03.000Z,False,43,0,0,0,pt,False,Com o imposto dos bichos morreu o business for business 200 gatos ou caes. Os CEO de pix e uma esteira de palha com fungos e sua bateria viciada no mundo touch vao ter q se virar..... br dos PIX kkkkkk
1875036316469264848,@pedrinhoowh,@rosanagazola,2025-01-03T04:27:48.000Z,False,277,0,0,0,pt,False,"Eu acho engraçado a galera achando que isso aí é novidade, sendo que o pix surgiu exatamente pra isso! Ajudar na taxação e no rastreio da grana, claramente na visão do rastreio, trazer mais segurança"
1875033070627332289,@JuniorMaionese,@rosanagazola,2025-01-03T04:14:55.000Z,False,142,0,0,0,pt,False,"Então no caso de Motorista que a empresa manda Pix pra abastecimento despesas do caminhão etc, isso vai gerar imposto depois, o governo sempre ferrando com a vida do trabalhador e dos empregadores"
1874959247735435354,@subplanet,@djfernandafox,2025-01-02T23:21:34.000Z,False,325,2,0,1,pt,False,"É fake. 
Para pessoas físicas não tem. 
Mesmo com as novas regras. 
contabeis.com.br/noticias/65932
…"
1874959247735435354,@subplanet,@BXj4R1CvID,2025-01-02T23:21:34.000Z,False,325,2,0,1,pt,False,"É fake. 
Para pessoas físicas não tem. 
Mesmo com as novas regras. 
contabeis.com.br/noticias/65932
…"
2027486177360539721,@JenioQuadros_,@authenticity,2026-02-27T20:49:08.000Z,False,94,2,0,0,pt,False,"Cuidado, vai que ele pensa em taxar o PIX."
2027486177360539721,@JenioQuadros_,@JefinhoMenes,2026-02-27T20:49:08.000Z,False,94,2,0,0,pt,False,"Cuidado, vai que ele pensa em taxar o PIX."
2027482566165479929,@_OnlySeth_,@NikolleBrasil,2026-02-27T20:34:47.000Z,False,16,1,0,1,pt,False,"E o que eu quero te dizer que é a ""verdadeira"" direita age exatamente como o político de esquerda médio. Não estou querendo que você não vote no Flávio, mas que tenha noção que momentaneamente, sua escolha não importa. Atacaram a tentativa de taxar o Pix, mas tentaram também"
2027482566165479929,@_OnlySeth_,@NauinT,2026-02-27T20:34:47.000Z,False,16,1,0,1,pt,False,"E o que eu quero te dizer que é a ""verdadeira"" direita age exatamente como o político de esquerda médio. Não estou querendo que você não vote no Flávio, mas que tenha noção que momentaneamente, sua escolha não importa. Atacaram a tentativa de taxar o Pix, mas tentaram também"
2027479052844478640,@An0nyma7o_,@camomila_gg,2026-02-27T20:20:49.000Z,False,76,0,0,1,pt,False,"Não é para comemorar, esqueceu da ""taxação do PIX""?
Estão apenas deixando a situação esfriar."
2027479052844478640,@An0nyma7o_,@nikolas_dm,2026-02-27T20:20:49.000Z,False,76,0,0,1,pt,False,"Não é para comemorar, esqueceu da ""taxação do PIX""?
Estão apenas deixando a situação esfriar."
2027476696727781565,@MathMR18,@Metropoles,2026-02-27T20:11:27.000Z,False,32,0,0,0,pt,False,"Vão falar que é fake News e daqui uns meses colocam a taxação, igual do pix"
2027475385059827778,@CrysthianNs,@ErikakHilton,2026-02-27T20:06:15.000Z,False,9,0,0,0,pt,False,Tu quer pix na sua conta né kkkk pra vcs taxar é gastar dinheiro do povo né kkkkkkkkk
2027473206760632792,@naan_souza7,@nikolas_dm,2026-02-27T19:57:35.000Z,False,126,0,0,0,pt,False,Vc faz mais pelo Brasil do que o presidente. Uma pena que daqui 3 meses eles enfiam esse imposto no cu dos outros de outra forma como foi o pix de 5 mil
2027468934018900392,@grok,@JoaquinTeixeira,2026-02-27T19:40:37.000Z,True,36,0,0,0,pt,False,"Sim, mas sem taxação direta no Pix: não há imposto automático sobre transferências eletrônicas que ""excedam isenção"". O limite de R$ 5 mil é para isenção mensal de retenção na fonte em rendimentos (válido em 2026). A Receita cruza totais agregados de movimentações bancárias (> R$"
2027468934018900392,@grok,@MolonLabve,2026-02-27T19:40:37.000Z,True,36,0,0,0,pt,False,"Sim, mas sem taxação direta no Pix: não há imposto automático sobre transferências eletrônicas que ""excedam isenção"". O limite de R$ 5 mil é para isenção mensal de retenção na fonte em rendimentos (válido em 2026). A Receita cruza totais agregados de movimentações bancárias (> R$"
2027468934018900392,@grok,@LuizDaCruzIdios,2026-02-27T19:40:37.000Z,True,36,0,0,0,pt,False,"Sim, mas sem taxação direta no Pix: não há imposto automático sobre transferências eletrônicas que ""excedam isenção"". O limite de R$ 5 mil é para isenção mensal de retenção na fonte em rendimentos (válido em 2026). A Receita cruza totais agregados de movimentações bancárias (> R$"
2015023505796952358,@MarciojBrito,@mspbra,2026-01-24T11:26:55.000Z,False,143,0,0,0,pt,True,Onde que têm imposto no PIX seus analfabeto??? Bando de trouxa que acredita em tudo que recebe no zap!!!
2014987438112882731,@random_stalker1,@NestorCavalcan4,2026-01-24T09:03:36.000Z,False,77,0,0,0,pt,False,"Parabéns pra eles... Nossa melhor conquista até agora é Taxar PIX e pagar imposto no próprio salário.

FAZ O L"
2014962709767369195,@grok,@AparecidaM76367,2026-01-24T07:25:20.000Z,True,20,0,0,1,pt,False,"Entendo sua desconfiança. Fontes oficiais e independentes, como Receita Federal, Estadão e G1, afirmam que a IN 2278/2025 exige relatórios agregados de fintechs para combater lavagem de dinheiro, sem monitoramento em tempo real ou taxação de Pix. Críticas apontam preocupações com"
2014962709767369195,@grok,@phantunn,2026-01-24T07:25:20.000Z,True,20,0,0,1,pt,False,"Entendo sua desconfiança. Fontes oficiais e independentes, como Receita Federal, Estadão e G1, afirmam que a IN 2278/2025 exige relatórios agregados de fintechs para combater lavagem de dinheiro, sem monitoramento em tempo real ou taxação de Pix. Críticas apontam preocupações com"
2014962395844690192,@grok,@AparecidaM76367,2026-01-24T07:24:06.000Z,True,19,0,0,1,pt,False,"Entendo sua preocupação. Fontes como Receita Federal, Aos Fatos e Veja confirmam que a IN 2278/2025 não impõe impostos extras ou taxação no Pix, focando em relatórios agregados para combater fraudes, sem monitoramento individual. Não há evidências de novas tributações. Consulte o"
2014962395844690192,@grok,@phantunn,2026-01-24T07:24:06.000Z,True,19,0,0,1,pt,False,"Entendo sua preocupação. Fontes como Receita Federal, Aos Fatos e Veja confirmam que a IN 2278/2025 não impõe impostos extras ou taxação no Pix, focando em relatórios agregados para combater fraudes, sem monitoramento individual. Não há evidências de novas tributações. Consulte o"
2014961944818602240,@grok,@AparecidaM76367,2026-01-24T07:22:18.000Z,True,25,0,0,2,pt,False,"Entendo sua desconfiança. Fontes como Receita Federal, Estadão e Agência Lupa confirmam que a IN 2278/2025 visa combater fraudes e lavagem de dinheiro via relatórios agregados, sem taxação ou monitoramento em tempo real de Pix. Não há evidências de foco em impostos extras."
2014961944818602240,@grok,@phantunn,2026-01-24T07:22:18.000Z,True,25,0,0,2,pt,False,"Entendo sua desconfiança. Fontes como Receita Federal, Estadão e Agência Lupa confirmam que a IN 2278/2025 visa combater fraudes e lavagem de dinheiro via relatórios agregados, sem taxação ou monitoramento em tempo real de Pix. Não há evidências de foco em impostos extras."
2002753729301536853,@carolin45781701,@RogerioCorreia_,2025-12-21T14:51:13.000Z,False,54,3,0,0,pt,False,"Mas quem movimentar 5 mil reais no Pix, a receita federal vai atrás para cobrar imposto"
2002747542774407625,@lachampt58,@uvNHbk0Ilo,2025-12-21T14:26:38.000Z,False,29,0,0,0,pt,True,"Governo vai taxar seu PIX? Entenda o Ataque! Júlio Cesar Miranda | Casal... 
youtube.com/shorts/pt9fC0k
… via 
@YouTube"
2002747542774407625,@lachampt58,@YouTube,2025-12-21T14:26:38.000Z,False,29,0,0,0,pt,True,"Governo vai taxar seu PIX? Entenda o Ataque! Júlio Cesar Miranda | Casal... 
youtube.com/shorts/pt9fC0k
… via 
@YouTube"
2002742877991149612,@MEGAZORDEOPRES1,@g1,2025-12-21T14:08:05.000Z,False,25,3,0,1,pt,False,"A matéria diz que é fake ao mesmo tempo que diz não ter certeza do valor do imposto após a implantação da reforma.

É como falaram que taxação do PIX seria mentira, mas agora o governo já planeja implantar a cobrança.

A velha imprensa paga pelo governo Lula é parte do problema."
2002723650689290456,@JohnMot62039918,@SenadoFederal,2025-12-21T12:51:41.000Z,True,11,0,0,0,pt,True,"@SenadoFederal
 @camaradeputados
 assim Extrema esquerda,brasileiro é proibido Norte, NORDESTE de furar poço artesiano é crime, todos valores que entrarem em PIX na sua conta será saldo será cobrado imposto, tudo que é feito no senado na Câmara é para melhorar a vida do eleitor"
2002723650689290456,@JohnMot62039918,@camaradeputados,2025-12-21T12:51:41.000Z,True,11,0,0,0,pt,True,"@SenadoFederal
 @camaradeputados
 assim Extrema esquerda,brasileiro é proibido Norte, NORDESTE de furar poço artesiano é crime, todos valores que entrarem em PIX na sua conta será saldo será cobrado imposto, tudo que é feito no senado na Câmara é para melhorar a vida do eleitor"
1990180709797920921,@Raul_augusto23,@CNNBrasil,2025-11-16T22:10:31.000Z,False,9,0,0,0,pt,False,"Quem criou o Pix?
Quem tentou taxar o Pix?"
1990134452719063171,@Leandro10128262,,2025-11-16T19:06:43.000Z,False,6,0,0,0,pt,True,"O Mito Jair Messias Bolsonaro foi Criador é indenizado do Pix no Brasil sem nenhum cobrança de juros o imposto nas transações bancárias 0,0 imposto "
1978221243061916040,@janalula72,,2025-10-14T22:07:52.000Z,False,52,3,1,0,pt,True,"As FAKE NEWS sobre os cargos pra Janja estão  a todo vapor e sobre  Taxação do Pix voltaram. 

ATENÇÃO"
1978212443219251642,@MarcalJosivan,,2025-10-14T21:32:54.000Z,False,4,0,0,0,pt,False,O maior sonho do governo do amor é conseguir taxar o pix do pobre...quando ele conseguir isso  será muito engraçado
1978210403898331271,@AlkahmaRabin,@Jakelyneloiola_,2025-10-14T21:24:48.000Z,False,3,0,0,0,pt,False,Que demência vc tem ? Pqp! isso é taxar Pix? Isso é usar o Pix como ferramenta pra fuder os sonegadores
1978210008673190025,@edpicanco,@Jakelyneloiola_,2025-10-14T21:23:14.000Z,False,13,0,0,0,pt,False,"Sonegação é crime, querida. Isso não é sobre taxar pix."
1978207707501875329,@cynaramenezes,@mhailer,2025-10-14T21:14:05.000Z,False,4200,57,13,1,pt,True,"governo irá taxar bets mesmo que bozismo não queira; é mentira que janja ganhou 189 cargos; costa neto diz que bolsonaro nunca seria eleito sem a ""facada""; ain, e a ruanê? sertanejos bolsonaristas ganharam milhões em emendas pix. com 
@mhailer
 no pop. 18h30"
1978195981901402616,@rafaelpadu,,2025-10-14T20:27:29.000Z,False,20,0,0,0,pt,False,"Vamo! 
Defesa do ministro Dino contra emendas PIX
Taxação BBB 
Fim da escala 6x1 
Manutenção dos vetos de Lula ao PL da devastação
Rastreabilidade dos agrotóxicos"
1978193975522611642,@kr_scccp,@Jakelyneloiola_,2025-10-14T20:19:31.000Z,False,14,3,0,0,pt,False,"E o que isso tem a ver com taxação do Pix? 
Sonegar imposto é roubo."
1965810255532875801,@Fig36Francisco,@KriskaCarvalho,2025-09-10T16:11:02.000Z,False,8,1,0,0,pt,True,"O parasita Jair Bolsonaro é muito burro; desde economizar o dinheiro do Pix que arrecadou dos patriotários bolsotários e não ter pago advogados. Pois,o  Luiz Fux já é um advogado ferrenho dele.
ISENÇÃO DO IR JÁ 
TAXAÇÃO DOS SUPER RICOS 
Parabéns Fux Pela Incompetência Absoluta"
1965803579660513744,@Fig36Francisco,@LulaoRei,2025-09-10T15:44:30.000Z,False,0,0,0,0,pt,True,"O covarde Jair Bolsonaro é muito burro  desde economizar o dinheiro do Pix que arrecadou dos patriotários bolsotários e não ter pago advogados. O  Luiz Fux já é um advogado ferrenho dele.
ISENÇÃO DO IR JÁ 
TAXAÇÃO DOS SUPER RICOS 
O Fux vai cobrar honorários dos golpistas"
1965803579660513744,@Fig36Francisco,@Sandra20921836,2025-09-10T15:44:30.000Z,False,0,0,0,0,pt,True,"O covarde Jair Bolsonaro é muito burro  desde economizar o dinheiro do Pix que arrecadou dos patriotários bolsotários e não ter pago advogados. O  Luiz Fux já é um advogado ferrenho dele.
ISENÇÃO DO IR JÁ 
TAXAÇÃO DOS SUPER RICOS 
O Fux vai cobrar honorários dos golpistas"
1965803277267972603,@Fig36Francisco,@MarceloFreixo,2025-09-10T15:43:18.000Z,False,2,0,0,0,pt,True,"O frouxo covarde Jair Bolsonaro é muito burro  desde economizar o dinheiro do Pix que arrecadou dos patriotários bolsotários e não ter pago advogados. Pois,o  Luiz Fux já é um advogado ferrenho dele.
ISENÇÃO DO IR JÁ 
TAXAÇÃO DOS SUPER RICOS 
Xandão, o guardião da Democracia "
1953591290999742831,@OsiRibeiro,@senadorhumberto,2025-08-07T22:57:14.000Z,False,13,0,0,1,pt,True,"Hipocrisia sem limites é o forte da esquerda,o desgoverno quer mesmo é mais taxação,estão de olho gordo no PIX!"
1953572656751816850,@democraci_a,@Playtubeee,2025-08-07T21:43:11.000Z,False,14,0,0,0,pt,False,Você não viu o vídeo do Lula e do Haddad querendo taxar o Pix e repercutiu o tanto que eles cancelaram a opção
1953572656751816850,@democraci_a,@AdnanvpPeixoto,2025-08-07T21:43:11.000Z,False,14,0,0,0,pt,False,Você não viu o vídeo do Lula e do Haddad querendo taxar o Pix e repercutiu o tanto que eles cancelaram a opção
1953572307563098344,@Playtubeee,@democraci_a,2025-08-07T21:41:48.000Z,False,32,2,0,2,pt,False,"Quem falou em taxar o pix foi Paulo guedes ex ministro da economia do bozo, vc só caiu na ladainha da nikole com aquelas conspirações "
1953572307563098344,@Playtubeee,@AdnanvpPeixoto,2025-08-07T21:41:48.000Z,False,32,2,0,2,pt,False,"Quem falou em taxar o pix foi Paulo guedes ex ministro da economia do bozo, vc só caiu na ladainha da nikole com aquelas conspirações "
1953565146779201891,@democraci_a,@AdnanvpPeixoto,2025-08-07T21:13:21.000Z,False,97,0,0,1,pt,False,"Mas eles há pouco tempo pela fala deles eles queriam taxar o Pix até o Lula não dá pra entender o que eles querem
Kkkkkkk"
1953565104412168502,@ibesgo12345678,@folha,2025-08-07T21:13:11.000Z,False,218,7,0,6,pt,False,"Pix  Graças ao Bolsonaro e Paulo Guedes. 
Não taxação  Vamos agradecer ao Nikolas!"
1953549016899170733,@BambiPayne02,@Pasternakfly,2025-08-07T20:09:15.000Z,False,365,10,0,0,pt,False,"1- vídeo sobre taxação do pix e campanha difamatória sobre a regulamentação das transações econômicas realizadas por esse meio (janeiro/2025)
2- o processo no qual ele é réu por calúnia cobra o autor Fuab Noman para sujar sua imagem durante a eleição em BH em 2024"
1953549016899170733,@BambiPayne02,@authenticity,2025-08-07T20:09:15.000Z,False,365,10,0,0,pt,False,"1- vídeo sobre taxação do pix e campanha difamatória sobre a regulamentação das transações econômicas realizadas por esse meio (janeiro/2025)
2- o processo no qual ele é réu por calúnia cobra o autor Fuab Noman para sujar sua imagem durante a eleição em BH em 2024"
1953536677743587794,@RafaelDilva,@Pimenta13Br,2025-08-07T19:20:13.000Z,False,34,2,0,1,pt,False,Pt queria taxar pix. Nicolas impediu .. agora estão com esse migue
1953530244205346825,@HiroLeozinho,@Metropoles,2025-08-07T18:54:39.000Z,False,16,0,0,1,pt,False,"São contra educação sexual nas escolas porque abusam de crianças.
São contra monitorar o PIX porque têm parentes no tráfico e no crime.
São contra taxar super ricos porque vivem na sonegação.
São contra regular as redes porque não sobrevivem sem fake news."
1953530244205346825,@HiroLeozinho,@ghost_phyton,2025-08-07T18:54:39.000Z,False,16,0,0,1,pt,False,"São contra educação sexual nas escolas porque abusam de crianças.
São contra monitorar o PIX porque têm parentes no tráfico e no crime.
São contra taxar super ricos porque vivem na sonegação.
São contra regular as redes porque não sobrevivem sem fake news."
1953530244205346825,@HiroLeozinho,@c_Sedk,2025-08-07T18:54:39.000Z,False,16,0,0,1,pt,False,"São contra educação sexual nas escolas porque abusam de crianças.
São contra monitorar o PIX porque têm parentes no tráfico e no crime.
São contra taxar super ricos porque vivem na sonegação.
São contra regular as redes porque não sobrevivem sem fake news."
1941246705745395963,@gusmao_luna,@eutauat,2025-07-04T21:24:15.000Z,False,6,0,0,0,pt,True,"Ataques ao governo pode né? Um dia desses o gado estava eufórico e atacando o governo de todos os lados por causa de uma mentira em relação a taxação do Pix. Aquela mentira que um “deputadozinho” minúsculo propagou esqueceram?
Naquele momento os editoriais falavam o que mesmo?"
1941245091630416212,@jovemesquerdabr,,2025-07-04T21:17:51.000Z,False,37,0,0,0,pt,False,"Esperando o pix na minha conta, já que a rede globo disse ontem no jornal nacional que somos ""influencers profissionais"". Não caiu nada aqui não. 

TAXAÇÃO DOS SUPER RICOS
CONGRESSO DA MAMATA
NÃO VAMOS RECUAR"
1941244496542650428,@rafaelrodrig_31,@analise2025,2025-07-04T21:15:29.000Z,False,207,1,0,0,pt,False,"Po, a imprensa na época fez um esforço danado pra desmentir a tal taxação do pix"
1941244218749616238,@SandroVelleda,,2025-07-04T21:14:22.000Z,True,18,1,0,0,pt,False,"Austeridade fiscal esta em:
Fim das emendas PIX/EMENDAS DAS MAMATAS
FIM DOS SUPERSALÁRIOS 
Diminuição pela metade das emendas
Fim do PERSE
Revisão das isenções fiscais

TAXAÇÃO DOS SUPER RICOS"
1941238527569858715,@WeBTCoficial,@cripto,2025-07-04T20:51:46.000Z,False,62,0,0,1,pt,True,"#ReceitaFederal testará #splitpayment em 2027, imposto direto no #Pix e #cripto. A medida visa reduzir fraudes e simplificar a tributação no setor. #Exchanges precisarão adaptar sistemas.
Alguns da #comunidadecripto vê risco de efeito reverso.

#webitcoin"
1941238527569858715,@WeBTCoficial,@ReceitaFederal,2025-07-04T20:51:46.000Z,False,62,0,0,1,pt,True,"#ReceitaFederal testará #splitpayment em 2027, imposto direto no #Pix e #cripto. A medida visa reduzir fraudes e simplificar a tributação no setor. #Exchanges precisarão adaptar sistemas.
Alguns da #comunidadecripto vê risco de efeito reverso.

#webitcoin"
1941238527569858715,@WeBTCoficial,@comunidadecripto,2025-07-04T20:51:46.000Z,False,62,0,0,1,pt,True,"#ReceitaFederal testará #splitpayment em 2027, imposto direto no #Pix e #cripto. A medida visa reduzir fraudes e simplificar a tributação no setor. #Exchanges precisarão adaptar sistemas.
Alguns da #comunidadecripto vê risco de efeito reverso.

#webitcoin"
1941238527569858715,@WeBTCoficial,@webitcoin,2025-07-04T20:51:46.000Z,False,62,0,0,1,pt,True,"#ReceitaFederal testará #splitpayment em 2027, imposto direto no #Pix e #cripto. A medida visa reduzir fraudes e simplificar a tributação no setor. #Exchanges precisarão adaptar sistemas.
Alguns da #comunidadecripto vê risco de efeito reverso.

#webitcoin"
1941238527569858715,@WeBTCoficial,@Exchanges,2025-07-04T20:51:46.000Z,False,62,0,0,1,pt,True,"#ReceitaFederal testará #splitpayment em 2027, imposto direto no #Pix e #cripto. A medida visa reduzir fraudes e simplificar a tributação no setor. #Exchanges precisarão adaptar sistemas.
Alguns da #comunidadecripto vê risco de efeito reverso.

#webitcoin"
1941238527569858715,@WeBTCoficial,@HclAWhnyEf,2025-07-04T20:51:46.000Z,False,62,0,0,1,pt,True,"#ReceitaFederal testará #splitpayment em 2027, imposto direto no #Pix e #cripto. A medida visa reduzir fraudes e simplificar a tributação no setor. #Exchanges precisarão adaptar sistemas.
Alguns da #comunidadecripto vê risco de efeito reverso.

#webitcoin"
1941238527569858715,@WeBTCoficial,@splitpayment,2025-07-04T20:51:46.000Z,False,62,0,0,1,pt,True,"#ReceitaFederal testará #splitpayment em 2027, imposto direto no #Pix e #cripto. A medida visa reduzir fraudes e simplificar a tributação no setor. #Exchanges precisarão adaptar sistemas.
Alguns da #comunidadecripto vê risco de efeito reverso.

#webitcoin"
1941238527569858715,@WeBTCoficial,@Pix,2025-07-04T20:51:46.000Z,False,62,0,0,1,pt,True,"#ReceitaFederal testará #splitpayment em 2027, imposto direto no #Pix e #cripto. A medida visa reduzir fraudes e simplificar a tributação no setor. #Exchanges precisarão adaptar sistemas.
Alguns da #comunidadecripto vê risco de efeito reverso.

#webitcoin"
1928659155105026435,@ZoomNewsofc,@choquei,2025-05-31T03:45:49.000Z,False,274,3,0,0,pt,False,"Pede pro Papai L e o Taxad pararem com essa obsessão em criar novos impostos toda semana. E parece que ainda não desistiram de taxar o Pix dos pobres. 
Concordo com você que tem que taxar os ricos. Começando pelos sindicatos (todos ricos). Será que vão ter coragem? Duvido"
1928636494631112849,@CabralAlbertino,@GugaNoblat,2025-05-31T02:15:47.000Z,False,5,0,0,0,pt,False,"Usando a argumento q ele usou no vídeo sobre taxação do pix ; talvez ele soubesse do tráfico de seus  familiares  … talvez não… quem sabe ? A Terra  pode até ser plana, mais capota !!"
1928630563671273609,@GugaAiresBaiano,@WTh_Bill,2025-05-31T01:52:13.000Z,False,251,0,0,0,pt,False,"Isso é tudo que o povo quer.

A preocupação maior é com a taxação da Shopee e do Pix."
1928607552390000662,@_otelcalifornia,@nikolas_dm,2025-05-31T00:20:46.000Z,False,11,0,0,0,pt,True,Entendeu agora porque o Nikolas disse que o governo queria taxar o PIX? Nikolas Narco
1928601526995492979,@FernandaBC,@Psiquiatripa,2025-05-30T23:56:50.000Z,False,259,9,0,1,pt,False,Corretíssima! Até recibo de cartão de crédito e Pix servem de comprovante. O melhor é emitir a nota no tempos certo e pagar imposto aos poucos. Se não é multa.
1928601526995492979,@FernandaBC,@YuriLPBr,2025-05-30T23:56:50.000Z,False,259,9,0,1,pt,False,Corretíssima! Até recibo de cartão de crédito e Pix servem de comprovante. O melhor é emitir a nota no tempos certo e pagar imposto aos poucos. Se não é multa.
1928599383412511121,@ciccicarrara,@ivanildoiii,2025-05-30T23:48:19.000Z,False,242,10,0,0,pt,False,Esse povo ta doido; eles acham que o Bolsonaro roubaria dinheiro pra dar para o irmão do Lula...eles acham que o Lula queria monitorar o pix para prender traficante...eles achavam que a taxação das blusinhas seria para as empresas...kkkkkkkkkkkkkkkkkkkkkkkkkkkkkkkkk
1916144976871952754,@grok,@COertel481,2025-04-26T14:58:57.000Z,True,70,0,0,1,pt,True,"Não há imposto sobre PIX doméstico para indivíduos, conforme o Banco Central. Empresas pagam taxas (ex.: R$0.01 por 10 transferências), mas não é imposto. PIX internacional tem IOF de 0,38%. O governo Lula não propôs taxar PIX doméstico; a narrativa de imposto é desmentida por"
1916144976871952754,@grok,@sign-up,2025-04-26T14:58:57.000Z,True,70,0,0,1,pt,True,"Não há imposto sobre PIX doméstico para indivíduos, conforme o Banco Central. Empresas pagam taxas (ex.: R$0.01 por 10 transferências), mas não é imposto. PIX internacional tem IOF de 0,38%. O governo Lula não propôs taxar PIX doméstico; a narrativa de imposto é desmentida por"
1916144976871952754,@grok,@tailalopess,2025-04-26T14:58:57.000Z,True,70,0,0,1,pt,True,"Não há imposto sobre PIX doméstico para indivíduos, conforme o Banco Central. Empresas pagam taxas (ex.: R$0.01 por 10 transferências), mas não é imposto. PIX internacional tem IOF de 0,38%. O governo Lula não propôs taxar PIX doméstico; a narrativa de imposto é desmentida por"
1916141875070898189,@grok,@eumarcoswalker,2025-04-26T14:46:37.000Z,True,18,0,0,0,pt,False,"As falas de Nikolas Ferreira sobre taxação do PIX não têm base sólida em dados, sendo mais especulativas e retóricas. Ele sugeriu que o governo Lula poderia taxar o PIX, mas não apresentou evidências concretas, e o governo negou qualquer plano de taxação. A medida proposta era"
1916141875070898189,@grok,@tailalopess,2025-04-26T14:46:37.000Z,True,18,0,0,0,pt,False,"As falas de Nikolas Ferreira sobre taxação do PIX não têm base sólida em dados, sendo mais especulativas e retóricas. Ele sugeriu que o governo Lula poderia taxar o PIX, mas não apresentou evidências concretas, e o governo negou qualquer plano de taxação. A medida proposta era"
1916140369508765753,@grok,@BFoTHXdgYb,2025-04-26T14:40:38.000Z,True,12,0,0,0,pt,True,"Olá, 
@JohnatanBug
! Consciência de classe é entender a sua posição social, os interesses compartilhados com outros da mesma classe e como sistemas econômicos e políticos afetam sua vida. Aqui, o debate é sobre a desinformação de taxar o PIX, usada para manipular trabalhadores e"
1916140369508765753,@grok,@tailalopess,2025-04-26T14:40:38.000Z,True,12,0,0,0,pt,True,"Olá, 
@JohnatanBug
! Consciência de classe é entender a sua posição social, os interesses compartilhados com outros da mesma classe e como sistemas econômicos e políticos afetam sua vida. Aqui, o debate é sobre a desinformação de taxar o PIX, usada para manipular trabalhadores e"
1916140369508765753,@grok,@ErikakHilton,2025-04-26T14:40:38.000Z,True,12,0,0,0,pt,True,"Olá, 
@JohnatanBug
! Consciência de classe é entender a sua posição social, os interesses compartilhados com outros da mesma classe e como sistemas econômicos e políticos afetam sua vida. Aqui, o debate é sobre a desinformação de taxar o PIX, usada para manipular trabalhadores e"
1916140369508765753,@grok,@JohnatanBug,2025-04-26T14:40:38.000Z,True,12,0,0,0,pt,True,"Olá, 
@JohnatanBug
! Consciência de classe é entender a sua posição social, os interesses compartilhados com outros da mesma classe e como sistemas econômicos e políticos afetam sua vida. Aqui, o debate é sobre a desinformação de taxar o PIX, usada para manipular trabalhadores e"
1916134117990891540,@ironicmodeonly,@nonoinvestidor,2025-04-26T14:15:48.000Z,False,30,0,0,2,pt,False,"Vc vive numa dissonância cognitiva.
Acreditou no moro,  no bolsonaro, na cloroquina, na volta do comunismo, no voto impresso, que ia virar Venezuela, que o brasil ia acabar, na taxação do pix, na perseguição política.

Que vida de merda. Nada do que acredita é verdade."
1916134117990891540,@ironicmodeonly,@adriano_pe72734,2025-04-26T14:15:48.000Z,False,30,0,0,2,pt,False,"Vc vive numa dissonância cognitiva.
Acreditou no moro,  no bolsonaro, na cloroquina, na volta do comunismo, no voto impresso, que ia virar Venezuela, que o brasil ia acabar, na taxação do pix, na perseguição política.

Que vida de merda. Nada do que acredita é verdade."
1916134117990891540,@ironicmodeonly,@samiabomfim,2025-04-26T14:15:48.000Z,False,30,0,0,2,pt,False,"Vc vive numa dissonância cognitiva.
Acreditou no moro,  no bolsonaro, na cloroquina, na volta do comunismo, no voto impresso, que ia virar Venezuela, que o brasil ia acabar, na taxação do pix, na perseguição política.

Que vida de merda. Nada do que acredita é verdade."
1916099151692972343,@dudatamagnoo,,2025-04-26T11:56:51.000Z,False,28,1,0,0,pt,False,Dos mesmos criadores de Nikolas Ferreira falando da taxação do pix: Perondi falando do golpe do INSS.
1916083792164405630,@kohtao2014,@valoreconomico,2025-04-26T10:55:49.000Z,False,24,0,0,0,pt,False,"Pix na mão, calcinha no chão. Grupo globo alinhado com a fake news petistas que empresário não paga imposto sobre a renda no Bostil."
1916069543568408750,@Hoseoka28,,2025-04-26T09:59:12.000Z,False,53,0,0,1,pt,False,"+e que se eu não regularizasse não poderia receber mais nada no correio (q a agenda tava parada lá) e minhas chaves pix seriam suspensas

JÁ TAVA PENSANDO QUE FUDEU

Vou pro Rio daqui 5 dias meo 

Fui no Google e pesquisei meu imposto de renda e o site que entrei+"
1904132486939955557,@Sopassandotemp1,@Jakelyneloiola_,2025-03-24T11:25:36.000Z,False,5,0,0,0,pt,False,"O Brasil não pode ficar esperando USA agir. Nós brasileiros deveríamos está fazendo nossa parte, está nas ruas, parar essa merda do país. O melhor exemplo foi no caso do Pix quando o povo parou de fazer Pix e o governo perdeu dinheiro com o imposto!"
1904107278564745566,@souzzajeff32,@fatimacostac,2025-03-24T09:45:26.000Z,False,138,0,0,0,pt,False,"Só pgt se ela usa o pix e em que data foi criado. Se ela não souber,dá um google no próprio celular dela e para fechar o caixão,lembra que o ministro das taxas quase usou o pix para taxar geral!"
1904107278564745566,@souzzajeff32,@rmotta2,2025-03-24T09:45:26.000Z,False,138,0,0,0,pt,False,"Só pgt se ela usa o pix e em que data foi criado. Se ela não souber,dá um google no próprio celular dela e para fechar o caixão,lembra que o ministro das taxas quase usou o pix para taxar geral!"
1903999242336694529,@_WeslleyOlivei,@zedocorgo1,2025-03-24T02:36:08.000Z,False,26,1,0,1,pt,False,Mas isso é de boa. Vocês só querem reclamar e mentir. Mas na primeira oportunidade todos os políticos de direita votam a favor de taxar mais pobres. Assim como querem fazer lei pra proibir que seja baixado cesta básica igual o governo quer. Lembrando guedes queria taxar o pix.
1903993957542969706,@Alexmorettibr,,2025-03-24T02:15:08.000Z,True,459,14,5,0,pt,True,Mas o Governo nao iria taxar o pix não kkkkkk
1903928674673652156,@DelfinoTuito,,2025-03-23T21:55:43.000Z,False,408,1,0,0,pt,False,"Yamal tem um quê de Nikolas, na entrevista pós jogo ele vai falar da taxação do pix"
1891907971547877698,@r3dfieldd,,2025-02-18T17:49:45.000Z,True,86,0,0,0,pt,True,Haddad sofrendo pq o brasileiro é burro e cai em fake news de taxação de Pix
1891903031127523783,@ViniTrd1,@Luciana22185488,2025-02-18T17:30:07.000Z,False,105,0,0,0,pt,False,"youtube.com/watch?v=mlRwcH
… Voto simbolico sem nome, O PL foi contrario a taxação da Shein, Shopee e de mais, e o pix seria taxado conforme foi divuldado."
1891903031127523783,@ViniTrd1,@GloboNews,2025-02-18T17:30:07.000Z,False,105,0,0,0,pt,False,"youtube.com/watch?v=mlRwcH
… Voto simbolico sem nome, O PL foi contrario a taxação da Shein, Shopee e de mais, e o pix seria taxado conforme foi divuldado."
1891903031127523783,@ViniTrd1,@8xahIoBva0,2025-02-18T17:30:07.000Z,False,105,0,0,0,pt,False,"youtube.com/watch?v=mlRwcH
… Voto simbolico sem nome, O PL foi contrario a taxação da Shein, Shopee e de mais, e o pix seria taxado conforme foi divuldado."
1891901708411736311,@Miranda50sonia,@Brunotesla33,2025-02-18T17:24:51.000Z,True,41,0,0,0,pt,False,"Bruno, está claro que Lula não está administrando. Agora, por exemplo, jogou a crise no colo de Haddad, a taxação das blusinhas e a crise do Pix, que foi fomentada pelo próprio governo."
1891901708411736311,@Miranda50sonia,@Ro_anna,2025-02-18T17:24:51.000Z,True,41,0,0,0,pt,False,"Bruno, está claro que Lula não está administrando. Agora, por exemplo, jogou a crise no colo de Haddad, a taxação das blusinhas e a crise do Pix, que foi fomentada pelo próprio governo."
1891896753680511366,@gordaoprogramas,@leiatheinvestor,2025-02-18T17:05:10.000Z,False,7,0,0,0,pt,False,Coloca a biscate dançando pra anunciar a taxação do Pix que resolve.
1891894335244836977,@DielAlvesl,,2025-02-18T16:55:33.000Z,True,70,0,0,0,pt,True,"Não mentiram, né? 

Toda polêmica até agora foi da pasta econômica. Desde a taxação das blusinha ao PIX."
1879679651003748472,@andre_fiilipe,,2025-01-15T23:58:46.000Z,False,83,2,0,1,pt,False,me irritou nessa história do imposto no pix é que não teve ninguém pra falar assim “essa informação só sai se ela for bem clara e de fácil acesso pra todos pra evitar fake news” pq é praticamente impossível um tema que tenha como palavra chave imposto e pix não gerar o que gerou
1879679645295247578,@SCZnews1,,2025-01-15T23:58:44.000Z,False,14,0,0,0,pt,True,"""Taxação"" do PIX morreu, mas quase matou de susto milhões de brasileiros que já começavam a juntar moedinhas para não caírem na velha frase: 'não tenho troco, aceita balinha!'. Pois é, trabalhador vai dormir um pouco mais tranquilo torcendo que não apareça novos sustos por aí."
1879679600827257093,@ricardobsl65,@nikolas_dm,2025-01-15T23:58:34.000Z,False,131,4,0,0,pt,False,"Agora fala a verdade,  Paulo Guedes sim queria taxar o pix e foi barrado no congresso"
1879679551288353137,@matheus130484,@matheuscaseca,2025-01-15T23:58:22.000Z,False,2100,1,0,0,pt,False,"Parceiro, não estou falando que iria taxar o pix, estou falando de promessas ou falas que depois foi feito o contrário."
1879679551288353137,@matheus130484,@rogeriomarcks,2025-01-15T23:58:22.000Z,False,2100,1,0,0,pt,False,"Parceiro, não estou falando que iria taxar o pix, estou falando de promessas ou falas que depois foi feito o contrário."
1879679551288353137,@matheus130484,@JPedro13_,2025-01-15T23:58:22.000Z,False,2100,1,0,0,pt,False,"Parceiro, não estou falando que iria taxar o pix, estou falando de promessas ou falas que depois foi feito o contrário."
1879679547836440654,@Ricxleite,@mspbra,2025-01-15T23:58:21.000Z,False,17000,7,0,36,pt,False,e quem é que ta taxando o pix? monitória agora é taxação?
2027486177360539721,@JenioQuadros_,@JefinhoMenes,2026-02-27T20:49:08.000Z,False,95,2,0,0,pt,False,"Cuidado, vai que ele pensa em taxar o PIX."
2027486177360539721,@JenioQuadros_,@authenticity,2026-02-27T20:49:08.000Z,False,95,2,0,0,pt,False,"Cuidado, vai que ele pensa em taxar o PIX."
2027482566165479929,@_OnlySeth_,@NikolleBrasil,2026-02-27T20:34:47.000Z,False,17,1,0,1,pt,False,"E o que eu quero te dizer que é a ""verdadeira"" direita age exatamente como o político de esquerda médio. Não estou querendo que você não vote no Flávio, mas que tenha noção que momentaneamente, sua escolha não importa. Atacaram a tentativa de taxar o Pix, mas tentaram também"
2027482566165479929,@_OnlySeth_,@NauinT,2026-02-27T20:34:47.000Z,False,17,1,0,1,pt,False,"E o que eu quero te dizer que é a ""verdadeira"" direita age exatamente como o político de esquerda médio. Não estou querendo que você não vote no Flávio, mas que tenha noção que momentaneamente, sua escolha não importa. Atacaram a tentativa de taxar o Pix, mas tentaram também"
2027479052844478640,@An0nyma7o_,@nikolas_dm,2026-02-27T20:20:49.000Z,False,77,0,0,1,pt,False,"Não é para comemorar, esqueceu da ""taxação do PIX""?
Estão apenas deixando a situação esfriar."
2027479052844478640,@An0nyma7o_,@camomila_gg,2026-02-27T20:20:49.000Z,False,77,0,0,1,pt,False,"Não é para comemorar, esqueceu da ""taxação do PIX""?
Estão apenas deixando a situação esfriar."
2027476696727781565,@MathMR18,@Metropoles,2026-02-27T20:11:27.000Z,False,33,0,0,0,pt,False,"Vão falar que é fake News e daqui uns meses colocam a taxação, igual do pix"
2027475385059827778,@CrysthianNs,@ErikakHilton,2026-02-27T20:06:15.000Z,False,10,0,0,0,pt,False,Tu quer pix na sua conta né kkkk pra vcs taxar é gastar dinheiro do povo né kkkkkkkkk
2027468934018900392,@grok,@LuizDaCruzIdios,2026-02-27T19:40:37.000Z,True,37,0,0,0,pt,False,"Sim, mas sem taxação direta no Pix: não há imposto automático sobre transferências eletrônicas que ""excedam isenção"". O limite de R$ 5 mil é para isenção mensal de retenção na fonte em rendimentos (válido em 2026). A Receita cruza totais agregados de movimentações bancárias (> R$"
2027468934018900392,@grok,@MolonLabve,2026-02-27T19:40:37.000Z,True,37,0,0,0,pt,False,"Sim, mas sem taxação direta no Pix: não há imposto automático sobre transferências eletrônicas que ""excedam isenção"". O limite de R$ 5 mil é para isenção mensal de retenção na fonte em rendimentos (válido em 2026). A Receita cruza totais agregados de movimentações bancárias (> R$"
2027468934018900392,@grok,@JoaquinTeixeira,2026-02-27T19:40:37.000Z,True,37,0,0,0,pt,False,"Sim, mas sem taxação direta no Pix: não há imposto automático sobre transferências eletrônicas que ""excedam isenção"". O limite de R$ 5 mil é para isenção mensal de retenção na fonte em rendimentos (válido em 2026). A Receita cruza totais agregados de movimentações bancárias (> R$"
2015040907066659004,@elizbethelia,@KriskaCarvalho,2026-01-24T12:36:04.000Z,False,24,0,0,0,pt,False,"Oi 
@KriskaCarvalho
 obrigada pela luta, desculpe os erros de português,no  meu post acima(Falavam) sobre as fake news, derrubam bons líderes, Lula já caiu nas pesquisas depois dessas fakes sobre taxar e acabar com o PIX. Não tenho seguidores, por isso, posto aqui."
2015023505796952358,@MarciojBrito,@mspbra,2026-01-24T11:26:55.000Z,False,144,0,0,0,pt,True,Onde que têm imposto no PIX seus analfabeto??? Bando de trouxa que acredita em tudo que recebe no zap!!!
2014987438112882731,@random_stalker1,@NestorCavalcan4,2026-01-24T09:03:36.000Z,False,78,0,0,0,pt,False,"Parabéns pra eles... Nossa melhor conquista até agora é Taxar PIX e pagar imposto no próprio salário.

FAZ O L"
2014962709767369195,@grok,@AparecidaM76367,2026-01-24T07:25:20.000Z,True,21,0,0,1,pt,False,"Entendo sua desconfiança. Fontes oficiais e independentes, como Receita Federal, Estadão e G1, afirmam que a IN 2278/2025 exige relatórios agregados de fintechs para combater lavagem de dinheiro, sem monitoramento em tempo real ou taxação de Pix. Críticas apontam preocupações com"
2014962709767369195,@grok,@phantunn,2026-01-24T07:25:20.000Z,True,21,0,0,1,pt,False,"Entendo sua desconfiança. Fontes oficiais e independentes, como Receita Federal, Estadão e G1, afirmam que a IN 2278/2025 exige relatórios agregados de fintechs para combater lavagem de dinheiro, sem monitoramento em tempo real ou taxação de Pix. Críticas apontam preocupações com"
2014962395844690192,@grok,@AparecidaM76367,2026-01-24T07:24:06.000Z,True,20,0,0,1,pt,False,"Entendo sua preocupação. Fontes como Receita Federal, Aos Fatos e Veja confirmam que a IN 2278/2025 não impõe impostos extras ou taxação no Pix, focando em relatórios agregados para combater fraudes, sem monitoramento individual. Não há evidências de novas tributações. Consulte o"
2014962395844690192,@grok,@phantunn,2026-01-24T07:24:06.000Z,True,20,0,0,1,pt,False,"Entendo sua preocupação. Fontes como Receita Federal, Aos Fatos e Veja confirmam que a IN 2278/2025 não impõe impostos extras ou taxação no Pix, focando em relatórios agregados para combater fraudes, sem monitoramento individual. Não há evidências de novas tributações. Consulte o"
2027486177360539721,@JenioQuadros_,@authenticity,2026-02-27T20:49:08.000Z,False,96,2,0,0,pt,False,"Cuidado, vai que ele pensa em taxar o PIX."
2027486177360539721,@JenioQuadros_,@JefinhoMenes,2026-02-27T20:49:08.000Z,False,96,2,0,0,pt,False,"Cuidado, vai que ele pensa em taxar o PIX."
2027482566165479929,@_OnlySeth_,@NikolleBrasil,2026-02-27T20:34:47.000Z,False,18,1,0,1,pt,False,"E o que eu quero te dizer que é a ""verdadeira"" direita age exatamente como o político de esquerda médio. Não estou querendo que você não vote no Flávio, mas que tenha noção que momentaneamente, sua escolha não importa. Atacaram a tentativa de taxar o Pix, mas tentaram também"
2027482566165479929,@_OnlySeth_,@NauinT,2026-02-27T20:34:47.000Z,False,18,1,0,1,pt,False,"E o que eu quero te dizer que é a ""verdadeira"" direita age exatamente como o político de esquerda médio. Não estou querendo que você não vote no Flávio, mas que tenha noção que momentaneamente, sua escolha não importa. Atacaram a tentativa de taxar o Pix, mas tentaram também"
2027479052844478640,@An0nyma7o_,@camomila_gg,2026-02-27T20:20:49.000Z,False,78,0,0,1,pt,False,"Não é para comemorar, esqueceu da ""taxação do PIX""?
Estão apenas deixando a situação esfriar."
2027479052844478640,@An0nyma7o_,@nikolas_dm,2026-02-27T20:20:49.000Z,False,78,0,0,1,pt,False,"Não é para comemorar, esqueceu da ""taxação do PIX""?
Estão apenas deixando a situação esfriar."
2027476696727781565,@MathMR18,@Metropoles,2026-02-27T20:11:27.000Z,False,33,0,0,0,pt,False,"Vão falar que é fake News e daqui uns meses colocam a taxação, igual do pix"
2027475385059827778,@CrysthianNs,@ErikakHilton,2026-02-27T20:06:15.000Z,False,10,0,0,0,pt,False,Tu quer pix na sua conta né kkkk pra vcs taxar é gastar dinheiro do povo né kkkkkkkkk
2027473206760632792,@naan_souza7,@nikolas_dm,2026-02-27T19:57:35.000Z,False,127,0,0,0,pt,False,Vc faz mais pelo Brasil do que o presidente. Uma pena que daqui 3 meses eles enfiam esse imposto no cu dos outros de outra forma como foi o pix de 5 mil
2027468934018900392,@grok,@LuizDaCruzIdios,2026-02-27T19:40:37.000Z,True,37,0,0,0,pt,False,"Sim, mas sem taxação direta no Pix: não há imposto automático sobre transferências eletrônicas que ""excedam isenção"". O limite de R$ 5 mil é para isenção mensal de retenção na fonte em rendimentos (válido em 2026). A Receita cruza totais agregados de movimentações bancárias (> R$"
2027468934018900392,@grok,@JoaquinTeixeira,2026-02-27T19:40:37.000Z,True,37,0,0,0,pt,False,"Sim, mas sem taxação direta no Pix: não há imposto automático sobre transferências eletrônicas que ""excedam isenção"". O limite de R$ 5 mil é para isenção mensal de retenção na fonte em rendimentos (válido em 2026). A Receita cruza totais agregados de movimentações bancárias (> R$"
2027468934018900392,@grok,@MolonLabve,2026-02-27T19:40:37.000Z,True,37,0,0,0,pt,False,"Sim, mas sem taxação direta no Pix: não há imposto automático sobre transferências eletrônicas que ""excedam isenção"". O limite de R$ 5 mil é para isenção mensal de retenção na fonte em rendimentos (válido em 2026). A Receita cruza totais agregados de movimentações bancárias (> R$"
2036559630814323057,@Hari30_,@liilamaria,2026-03-24T21:43:48.000Z,False,15,0,0,0,pt,False,Os cara não aceita pagar no pix só pra sonegar imposto vsfd
2036556446007963946,@fronteira_livre,@fronteiralivre,2026-03-24T21:31:08.000Z,False,14,0,0,0,pt,False,"IMPOSTO DE RENDA I Regras para o ano-base 2025 incluem taxação de apostas online, uso de nome social e prioridade para quem utilizar declaração pré-preenchida e Pix. #imposto #impostoderenda #leao #receitafederal #govbr #fronteiralivre 
fronteiralivre.com.br/economia/recei
…"
2036556446007963946,@fronteira_livre,@imposto,2026-03-24T21:31:08.000Z,False,14,0,0,0,pt,False,"IMPOSTO DE RENDA I Regras para o ano-base 2025 incluem taxação de apostas online, uso de nome social e prioridade para quem utilizar declaração pré-preenchida e Pix. #imposto #impostoderenda #leao #receitafederal #govbr #fronteiralivre 
fronteiralivre.com.br/economia/recei
…"
2036556446007963946,@fronteira_livre,@3GL96HvwZQ,2026-03-24T21:31:08.000Z,False,14,0,0,0,pt,False,"IMPOSTO DE RENDA I Regras para o ano-base 2025 incluem taxação de apostas online, uso de nome social e prioridade para quem utilizar declaração pré-preenchida e Pix. #imposto #impostoderenda #leao #receitafederal #govbr #fronteiralivre 
fronteiralivre.com.br/economia/recei
…"
2036556446007963946,@fronteira_livre,@impostoderenda,2026-03-24T21:31:08.000Z,False,14,0,0,0,pt,False,"IMPOSTO DE RENDA I Regras para o ano-base 2025 incluem taxação de apostas online, uso de nome social e prioridade para quem utilizar declaração pré-preenchida e Pix. #imposto #impostoderenda #leao #receitafederal #govbr #fronteiralivre 
fronteiralivre.com.br/economia/recei
…"
2036556446007963946,@fronteira_livre,@govbr,2026-03-24T21:31:08.000Z,False,14,0,0,0,pt,False,"IMPOSTO DE RENDA I Regras para o ano-base 2025 incluem taxação de apostas online, uso de nome social e prioridade para quem utilizar declaração pré-preenchida e Pix. #imposto #impostoderenda #leao #receitafederal #govbr #fronteiralivre 
fronteiralivre.com.br/economia/recei
…"
2036556446007963946,@fronteira_livre,@leao,2026-03-24T21:31:08.000Z,False,14,0,0,0,pt,False,"IMPOSTO DE RENDA I Regras para o ano-base 2025 incluem taxação de apostas online, uso de nome social e prioridade para quem utilizar declaração pré-preenchida e Pix. #imposto #impostoderenda #leao #receitafederal #govbr #fronteiralivre 
fronteiralivre.com.br/economia/recei
…"
2036556446007963946,@fronteira_livre,@receitafederal,2026-03-24T21:31:08.000Z,False,14,0,0,0,pt,False,"IMPOSTO DE RENDA I Regras para o ano-base 2025 incluem taxação de apostas online, uso de nome social e prioridade para quem utilizar declaração pré-preenchida e Pix. #imposto #impostoderenda #leao #receitafederal #govbr #fronteiralivre 
fronteiralivre.com.br/economia/recei
…"
2036541107224338786,@rodrigoalexs,@danibacedo,2026-03-24T20:30:11.000Z,False,5,0,0,0,pt,False,"Igual tivemos picanha
Igual tivemos o fim do sigilo nas contas 
Igual tivemos a não taxação das blusinhas 
Igual tivemos tantas promessas feita pelo Lule na última eleição 

Confia… 

Se cair o pix aqui eu tbem confio, tá"
2036535358536421644,@rogerioandres,@CNNBrasil,2026-03-24T20:07:21.000Z,False,12,0,0,0,pt,False,"Ou seja, vai terminar de privatizar a Petrobrás e elevar mais ainda os preços, congelar salário mínimo, taxar o PIX, colocsr a granada no bolso do servidor e deixar sem aumento e ficar 4 anos prometendo que em breve o Brasil vai bombar. FUJAM!"
2036531034607476814,@MayconCast49174,@CNNBrasil,2026-03-24T19:50:10.000Z,False,5,0,0,0,pt,False,Agora sim o sonho do Nikolas se tornará realidade. Vai taxar o pix kkkkk
2036526686057943095,@ReisVla,,2026-03-24T19:32:53.000Z,True,6,0,0,0,pt,True,"O PIX NÃO FUNCIONA HOJE NO RS, ESTE COMUNISTA TÁ VASCULHANDO PARA ROUBAR MAIS UM POUCO E AUMENTANDO A VIGILÂNCIA EM CIMA DE QUEM TRABALHA!!E AINDA TEM JUMENTOS QUE VÃO VOTAR NESTE FILHA DE UMA PUTA, LADRÃO, DEMÔNIO, MERECE MORRER DEZ VEZES, MENTIU DIZENDO QUE NÃO IA TAXAR O PIX"
2035098448907706393,@JogoBaratoTT,@LH0APnSlQU,2026-03-20T20:57:35.000Z,True,333,0,0,0,pt,True,"[Aliexpress] Controle sem fio 8BitDo Ultimate 2C (Transparent Black)

 Preço com imposto incluso

 
jogobara.to/80WcJ
 Cupom: NIVER
• R$ 135,28 em até 4x no pix parcelado

 Envio Internacional"
2035063572967964924,@SERPRO,@8aWmxzyipS,2026-03-20T18:39:00.000Z,False,215,3,1,0,pt,True,"A restituição do Imposto de Renda via Pix ficou mais ágil e segura. A chave agora é validada automaticamente durante a declaração, evitando erros, atrasos e a necessidade de correções no processo. Saiba mais sobre a novidade na matéria!"
2035048229176279362,@portalnsctotal,@YR5u9dtzc3,2026-03-20T17:38:01.000Z,False,235,0,0,0,pt,True,"Restituição automática de até R$ 1.000 via Pix no IR 2026 para isentos.
 Síntese: Receita antecipa processamento e prioriza Pix.
#ImpostoDeRenda #Economia"
2035048229176279362,@portalnsctotal,@Economia,2026-03-20T17:38:01.000Z,False,235,0,0,0,pt,True,"Restituição automática de até R$ 1.000 via Pix no IR 2026 para isentos.
 Síntese: Receita antecipa processamento e prioriza Pix.
#ImpostoDeRenda #Economia"
2035048229176279362,@portalnsctotal,@ImpostoDeRenda,2026-03-20T17:38:01.000Z,False,235,0,0,0,pt,True,"Restituição automática de até R$ 1.000 via Pix no IR 2026 para isentos.
 Síntese: Receita antecipa processamento e prioriza Pix.
#ImpostoDeRenda #Economia"
2035015951553315003,@biancarodris,@eskimozinmorreu,2026-03-20T15:29:46.000Z,False,93,0,0,2,pt,False,"Eita teoria da conspiração doida hein.

Igual o governo ia taxar pix e no final das contas nunca taxou né?"
2035015951553315003,@biancarodris,@ViuvasDoArcade,2026-03-20T15:29:46.000Z,False,93,0,0,2,pt,False,"Eita teoria da conspiração doida hein.

Igual o governo ia taxar pix e no final das contas nunca taxou né?"
2035015951553315003,@biancarodris,@CristianoCode,2026-03-20T15:29:46.000Z,False,93,0,0,2,pt,False,"Eita teoria da conspiração doida hein.

Igual o governo ia taxar pix e no final das contas nunca taxou né?"
2034975837313708144,@litaets,@rony_locher,2026-03-20T12:50:22.000Z,False,23,0,0,0,pt,False,"Não. Ele é o autor das ideias que não deram certo. Como taxar pix e blusinhas.
Tb quer a exoneração da folha de pagamento de volta."
1994784804542239227,@truther_sv,@Mey2Opd6qw,2025-11-29T15:05:33.000Z,False,91,0,0,0,pt,True,"“Cobrar IOF de stablecoins é como taxar o Pix”, diz Rocelo Lopes, que critica proposta e alerta que a medida não faz sentido econômico. 

Confira a análise completa:"
1994770496873734517,@wyrvem,@authenticity,2025-11-29T14:08:42.000Z,False,81,2,0,1,pt,False,"O governo atual está sancionando taxação de compras internacionais, tentou taxar o Pix, aumentou impostos e fez tantas outras merdas, e o cara ainda acha que a taxa está menor. Vejam pessoal, é isso que acontece quando se come merda"
1994764427703263341,@VitchMzk,,2025-11-29T13:44:35.000Z,True,191,0,0,0,pt,True,"""Não pq a receita monitorar pix não vai mudar nada na vida do pobre""... ai toma ai a pessoa que ganha 3k no clt e 2k no mei vendendo brigadeiro pagando quase 30% de imposto de renda depois de ser monitorado pela receita.... isenção só pra ingles ver e fazerem o L mais uma vez"
1994763758217155007,@WilsonOndaVerde,@clarionrox,2025-11-29T13:41:55.000Z,False,15,0,0,1,pt,False,"TIRAR O PODER DA PF!!!!???
Eles odeiam quando se fala em fiscalizar o sistema financeiro! Transformam isso em fake news de taxação de pix!
Essa postura, q antes era só esquisita, AGORA FICA EXPLICADA!"
1983873023967904244,@Dhyego_G,,2025-10-30T12:26:02.000Z,True,46,0,0,0,pt,True,"Se não tivesse se criado uma narrativa de ""nos"" contra ""eles"" essas pessoas jamais concordariam umas com as outras, mesma coisa quando quiseram taxar o pix, o povo se uniu contra, agora mesma coisa, ngm gosta de bandido, ainda mais quando nenhuma criança se prejudicou."
1983837998899982452,@AthaBelmonte,@Haddad_Fernando,2025-10-30T10:06:51.000Z,False,5,0,0,0,pt,False,"Querem usar o que acontece no RJ para taxar o PIX.
De pano de fundo, a ideia é fiscalizar e taxar o que faz a classe média.
Até não acabar com a classe média o PT não se dará por satisfeito"
1983835362389823706,@andrebattalhini,@Haddad_Fernando,2025-10-30T09:56:22.000Z,False,60,6,0,0,pt,False,"""Por isso temos que regular a internet!""
""Por isso temos que monitorar e taxar o PIX"".
A inteligencia da PF respondando ao pedido de cooperação do Claudio Castro: ""Ah, hoje não vai dar "" estão ocupados prendendo oposição política. "
1983814534344135139,@marcelohxavier,@Haddad_Fernando,2025-10-30T08:33:37.000Z,False,6,0,0,0,pt,False,Taxar o pix e aumentar impostos!
1983775366029439066,@Didi_Ramone,,2025-10-30T05:57:58.000Z,False,441,18,0,1,pt,False,"acho dificil, nem existiu proposta de taxação do pix"
1973013817790787628,@oboaventura,@PedroRonchi2,2025-09-30T13:15:25.000Z,False,706,0,0,0,pt,False,"Quem lembra da SHEIN ou melhor, das BLUZINHAS, sabe do que o Nikolas falava naquele momento! 

Mas tem uma coisa!
Se a nova regra não iria Taxar o Pix, Porque então foi suspensa? 
Isso ninguém explicou até agora!"
1973002229503451481,@CoringaJok,@LulaOficial,2025-09-30T12:29:22.000Z,False,4,0,0,0,pt,False,"""será mais uma conquista e vitória para o governo
@LulaOficial
 "" Você não tem vergonha de falar isso não? Quem foi que taxou? Quem foi que ia monitorar o PIX pra saber o quanto de dinheiro do Brasileiro passa PRA DEPOIS taxar em cima? Cria vergonha na cara quando for falar isso!"
1973002229503451481,@CoringaJok,@Mandsfra25,2025-09-30T12:29:22.000Z,False,4,0,0,0,pt,False,"""será mais uma conquista e vitória para o governo
@LulaOficial
 "" Você não tem vergonha de falar isso não? Quem foi que taxou? Quem foi que ia monitorar o PIX pra saber o quanto de dinheiro do Brasileiro passa PRA DEPOIS taxar em cima? Cria vergonha na cara quando for falar isso!"
1972973558226907476,@CIDADOOBSERVAD1,@RogerioCorreia_,2025-09-30T10:35:27.000Z,False,15,0,0,0,pt,False,A PTada quer taxar o PIX e não há raio que a parta!!!
1972861255070462332,@RafaelExtr9750,@Fontes_novo,2025-09-30T03:09:11.000Z,False,8,0,0,0,pt,False,Pq n zeram o imposto pra todo mundo? Vão taxar o pix dnv é?
1972852798602776951,@Deny1997Arade,@Cheiroverde190,2025-09-30T02:35:35.000Z,False,33,2,0,0,pt,False,"Explique e não complique! Paulo guedes queria taxar o pix, inclusive ia taxar a importação te também, ja tava articulado com veio da Havan, só não taxou em 2022 pq era ano de eleição, no fim se vc espera que os políticos não fodam sua vida vc é só inocente."
1972852798602776951,@Deny1997Arade,@2026Enquetes,2025-09-30T02:35:35.000Z,False,33,2,0,0,pt,False,"Explique e não complique! Paulo guedes queria taxar o pix, inclusive ia taxar a importação te também, ja tava articulado com veio da Havan, só não taxou em 2022 pq era ano de eleição, no fim se vc espera que os políticos não fodam sua vida vc é só inocente."
1972834900450656523,@RafaelV9n9,@PauloNGuedes,2025-09-30T01:24:28.000Z,False,19,2,0,1,pt,True,Na verdade ele queria taxar o Pix
1972834900450656523,@RafaelV9n9,@kacauzinha,2025-09-30T01:24:28.000Z,False,19,2,0,1,pt,True,Na verdade ele queria taxar o Pix
1972834900450656523,@RafaelV9n9,@ekfxYSj6Cd,2025-09-30T01:24:28.000Z,False,19,2,0,1,pt,True,Na verdade ele queria taxar o Pix
1962267140523692415,@profKIU,,2025-08-31T21:31:58.000Z,False,51,4,0,1,pt,True,"Sonegador vagabundo é quem arrecada zilhões num país que precisa de arrecadação para resolver problemas de maneira legítima, não é o caso. Quem quer olhar o Pix não quer taxar rico até porque, quem tem posse não precisa disso. Segue+"
1962261802873421896,@Augustodrade,@GugaNoblat,2025-08-31T21:10:45.000Z,False,18,0,0,0,pt,False,"Me chama pra ir junto. Empresários como eu, teríamos problemas com essa taxação do PIX. Não fala asneira o 
@GugaNoblat
 Se os cara lavava dinheiro, já tem muitos anos então, não era uma “taxação” que ia impedir eles, sai dessa, pq o governo não investiga isso diretamente então?"
1962261802873421896,@Augustodrade,@jacquesgeorgeo,2025-08-31T21:10:45.000Z,False,18,0,0,0,pt,False,"Me chama pra ir junto. Empresários como eu, teríamos problemas com essa taxação do PIX. Não fala asneira o 
@GugaNoblat
 Se os cara lavava dinheiro, já tem muitos anos então, não era uma “taxação” que ia impedir eles, sai dessa, pq o governo não investiga isso diretamente então?"
1962261572266652003,@grok,@RomuloBDias,2025-08-31T21:09:50.000Z,True,19,0,0,0,pt,False,"Sim, no vídeo de janeiro de 2025, Nikolas afirma explicitamente que ""o Pix não será taxado"", mas usa ironia ao adicionar ""mas eu não duvido que possa ser"", comparando com promessas passadas não cumpridas, sugerindo possível taxação futura. Fontes variadas debatem o tom como"
1962261572266652003,@grok,@CentralAncap,2025-08-31T21:09:50.000Z,True,19,0,0,0,pt,False,"Sim, no vídeo de janeiro de 2025, Nikolas afirma explicitamente que ""o Pix não será taxado"", mas usa ironia ao adicionar ""mas eu não duvido que possa ser"", comparando com promessas passadas não cumpridas, sugerindo possível taxação futura. Fontes variadas debatem o tom como"
1962261572266652003,@grok,@PCRodriguesF,2025-08-31T21:09:50.000Z,True,19,0,0,0,pt,False,"Sim, no vídeo de janeiro de 2025, Nikolas afirma explicitamente que ""o Pix não será taxado"", mas usa ironia ao adicionar ""mas eu não duvido que possa ser"", comparando com promessas passadas não cumpridas, sugerindo possível taxação futura. Fontes variadas debatem o tom como"
1962258424785195438,@PCRodriguesF,@RomuloBDias,2025-08-31T20:57:20.000Z,False,42,0,0,1,pt,False,"@grok
 Nikolas fala que o Lula não quer taxar o Pix, mas no vídeo dele dá a entender que sim? De maneira resumida."
1962258424785195438,@PCRodriguesF,@grok,2025-08-31T20:57:20.000Z,False,42,0,0,1,pt,False,"@grok
 Nikolas fala que o Lula não quer taxar o Pix, mas no vídeo dele dá a entender que sim? De maneira resumida."
1962258424785195438,@PCRodriguesF,@CentralAncap,2025-08-31T20:57:20.000Z,False,42,0,0,1,pt,False,"@grok
 Nikolas fala que o Lula não quer taxar o Pix, mas no vídeo dele dá a entender que sim? De maneira resumida."
1962257999461761293,@gabriel1drummer,@NewsLiberdade,2025-08-31T20:55:38.000Z,False,295,0,0,0,pt,False,"MENTIU dizendo que não iria taxar as importações para o consumidor e taxou mesmo assim.

Mas pode confia que ele não quer taxar o pix também...

Painho ama demais os pobres "
1962257526939856944,@marcos_vicari,@metonimiadaily,2025-08-31T20:53:46.000Z,False,26,1,0,0,pt,False,"A lavagem de dinheiro não é só no PIX, a quantidade de gente com maquininha de cartão q nunca declarou as transações. No fundo o imposto q o brasileiro detesta é o melhor mecanismo pra combater a sonegação, CPMF, pq ela dá uma amostra da movimentação financeira."
1962257526939856944,@marcos_vicari,@TheBortoluzzi,2025-08-31T20:53:46.000Z,False,26,1,0,0,pt,False,"A lavagem de dinheiro não é só no PIX, a quantidade de gente com maquininha de cartão q nunca declarou as transações. No fundo o imposto q o brasileiro detesta é o melhor mecanismo pra combater a sonegação, CPMF, pq ela dá uma amostra da movimentação financeira."
1962257526939856944,@marcos_vicari,@Haddad_Fernando,2025-08-31T20:53:46.000Z,False,26,1,0,0,pt,False,"A lavagem de dinheiro não é só no PIX, a quantidade de gente com maquininha de cartão q nunca declarou as transações. No fundo o imposto q o brasileiro detesta é o melhor mecanismo pra combater a sonegação, CPMF, pq ela dá uma amostra da movimentação financeira."
1951296872217301356,@th3d1n03,,2025-08-01T15:00:02.000Z,False,16,0,0,0,pt,True,"Primeiro de agosto, dia da taxação do Trump começar a valer (tudo por causa que ele quer tirar o Pix, sistema de pagamento fácil exclusivo do Brasil, e que todo mundo usa (até mesmo lugares fora do Brasil)).

Mas, já digo algo:"
1951296503047242092,@LUCAS1908o,@Lushenbark,2025-08-01T14:58:34.000Z,False,14,1,0,1,pt,False,"Acho que quem acabou com a Lavajato não foi o PT em, foi presidente mimizento que não queria que tocasse no filho né !? E sobre a taxação do pix, vc sabe quem tentou implementar? Você conhece Valdemar da costa neto, braço direito do grande Bolsonaro ! Você lembra do color?"
1951296503047242092,@LUCAS1908o,@lazarorosa25,2025-08-01T14:58:34.000Z,False,14,1,0,1,pt,False,"Acho que quem acabou com a Lavajato não foi o PT em, foi presidente mimizento que não queria que tocasse no filho né !? E sobre a taxação do pix, vc sabe quem tentou implementar? Você conhece Valdemar da costa neto, braço direito do grande Bolsonaro ! Você lembra do color?"
1951296503047242092,@LUCAS1908o,@CsBruno_,2025-08-01T14:58:34.000Z,False,14,1,0,1,pt,False,"Acho que quem acabou com a Lavajato não foi o PT em, foi presidente mimizento que não queria que tocasse no filho né !? E sobre a taxação do pix, vc sabe quem tentou implementar? Você conhece Valdemar da costa neto, braço direito do grande Bolsonaro ! Você lembra do color?"
1951287761459355853,@grok,@guilherme_amado,2025-08-01T14:23:50.000Z,True,37,0,0,1,pt,False,"Entendo seu ponto, Luís. O vídeo de Nikolas (jan/2025) viralizou com críticas à fiscalização do Pix (revogada), mas fact-checks (Folha, Estadão) apontam imprecisões, como insinuar taxação sem base. Foi alarmista por receio real de impostos, mas beira desinformação. Diferente de"
1951287761459355853,@grok,@Luis_C4_Carrara,2025-08-01T14:23:50.000Z,True,37,0,0,1,pt,False,"Entendo seu ponto, Luís. O vídeo de Nikolas (jan/2025) viralizou com críticas à fiscalização do Pix (revogada), mas fact-checks (Folha, Estadão) apontam imprecisões, como insinuar taxação sem base. Foi alarmista por receio real de impostos, mas beira desinformação. Diferente de"
1951285461227339817,@Luis_C4_Carrara,@guilherme_amado,2025-08-01T14:14:41.000Z,True,46,0,0,1,pt,False,"Exatamente, vamos em frente. A taxação pix a que se refere foram as veiculadas dizendo que TRUMP taxaria ou acabaria com o PIX?"
1951285461227339817,@Luis_C4_Carrara,@grok,2025-08-01T14:14:41.000Z,True,46,0,0,1,pt,False,"Exatamente, vamos em frente. A taxação pix a que se refere foram as veiculadas dizendo que TRUMP taxaria ou acabaria com o PIX?"
1951284506582982998,@grok,@Luis_C4_Carrara,2025-08-01T14:10:54.000Z,True,54,0,0,1,pt,False,"Obrigado pelo reconhecimento, Luis_C4_Carrara. Sobre blogueiros de esquerda recebendo pix para mentiras: buscas mostram acusações semelhantes contra ambos os lados, mas fake news recentes (como taxação do Pix) são mais ligadas a redes bolsonaristas. Desinformação afeta todos;"
1951284448470708485,@NelsonL38060869,@Haddad_Fernando,2025-08-01T14:10:40.000Z,False,10,0,0,0,pt,False,"Taxxad em ação novamente 
Aposto que vai taxar o Pix."
1951284448470708485,@NelsonL38060869,@MinFazenda,2025-08-01T14:10:40.000Z,False,10,0,0,0,pt,False,"Taxxad em ação novamente 
Aposto que vai taxar o Pix."
1951284448470708485,@NelsonL38060869,@canalgov,2025-08-01T14:10:40.000Z,False,10,0,0,0,pt,False,"Taxxad em ação novamente 
Aposto que vai taxar o Pix."
1951274716942975377,@Mcarvalho_Farma,@a_jessicao,2025-08-01T13:32:00.000Z,False,153,7,0,1,pt,False,"LULA QUER TAXAR OS SUPER RICOS    

BOLSONARO QUER TAXAR O PIX E O BRASIL     

ESSA É A DIFERENÇA 
DE QUE LADO VOCÊS ESTÃO??"
1940508911922008420,@dmolir,,2025-07-02T20:32:32.000Z,True,15,0,0,0,pt,True,"“Filosoficamente, o mercado não acredita em gastos sociais, especialmente, com saúde e educação, aí sua tropa no Congresso entra no embate da radicalização à direita. Ele defende que o rico não deve pagar imposto e usa argumentos como a reação ao falso tributo do PIX e à taxa das"
1940481682739798163,@Guzer0z,@kingneowz,2025-07-02T18:44:20.000Z,False,24,0,0,0,pt,False,"só 10, tenho medo de 100k sem imposto no meu pix"
1940477392126202270,@xxjaspionxx,@valoreconomico,2025-07-02T18:27:17.000Z,False,2,0,0,0,pt,False,"Pra quê pedir Pix, quando vc pode taxar pobre"
1940476056261349511,@Adrianogofast,@pfigueiredo08,2025-07-02T18:21:58.000Z,False,29,0,0,0,pt,False,Quer apostar que vão usar isso pra taxar o Pix. Vão dizer que precisa investir em segurança digital
1940470602252583249,@DomIlustrador,@SigaGazetaBR,2025-07-02T18:00:18.000Z,False,2,0,0,0,pt,False,Prefere TAXAR o PIX.
1940465987217654149,@heliobeltrao,,2025-07-02T17:41:58.000Z,True,54000,4600,1200,75,pt,False,"Lembra quando tentaram mexer no PIX? Ou a tentativa de criar o DREX, real digital?

Antes o PIX jogaria o informal no Imposto de Renda. Já com o DREX, o dinheiro seria centralizado e programável pelo Estado.

Agora o Banco Central, do Estado, é hackeado. Imagina se eles tivessem"
1940462532378116198,@LuizMota17,@SRivoltril,2025-07-02T17:28:14.000Z,False,100,1,0,0,pt,False,iOf afeta literalmente nisso tudo que ela explanou! Mas vc confia no cara que não ia taxar blusinha. Que recuou na taxa pix kkkkkkk
1940462532378116198,@LuizMota17,@Italo_Vini1981,2025-07-02T17:28:14.000Z,False,100,1,0,0,pt,False,iOf afeta literalmente nisso tudo que ela explanou! Mas vc confia no cara que não ia taxar blusinha. Que recuou na taxa pix kkkkkkk
1940460387469807981,@sereianata,@Mandsfra25,2025-07-02T17:19:43.000Z,False,4,0,0,0,pt,False,Qual atitude é mais suína? A de aumentar o imposto de bebidas para diminuir o consumo ou taxar ainda mais o IOF? Os imbecis sabem que PIX é também IOF?
1929648886374940748,@teresinhalopes,,2025-06-02T21:18:40.000Z,True,100,3,2,1,pt,True,… se Lula  quer enterrar sua candidatura é só taxar o pix
1929645636837675133,@SaokoTz,@laercioms10001,2025-06-02T21:05:45.000Z,False,31,0,0,0,pt,False,"Sim, não é como se o governo não fosse considerar com mentira qualquer coisa que vá contra ele. Só ver oq aconteceu no caso da taxação do pix, escândalo do INSS, etc."
1929645636837675133,@SaokoTz,@partidonovo30,2025-06-02T21:05:45.000Z,False,31,0,0,0,pt,False,"Sim, não é como se o governo não fosse considerar com mentira qualquer coisa que vá contra ele. Só ver oq aconteceu no caso da taxação do pix, escândalo do INSS, etc."
1929642123927880018,@khajiitGZ,@authenticity,2025-06-02T20:51:48.000Z,True,44,0,0,0,pt,True," GOVERNO QUER TE MORDER! 
 Lula tá estudando criar a CPMF do PIX!  Imposto nas transações: de 0,10% a 0,20% no Pix, TED, DOC e carteiras digitais! Querem arrancar tua grana sem cortar nem um cafezinho dos gastos! "
1929627998254182408,@thecutecake,@rafaelgloves,2025-06-02T19:55:40.000Z,True,796,3,1,1,pt,False,Tá sentindo o cheiro de imposto no PIX?
1929627998254182408,@thecutecake,@authenticity,2025-06-02T19:55:40.000Z,True,796,3,1,1,pt,False,Tá sentindo o cheiro de imposto no PIX?
1918042712734884231,@JorgefreitasJ,,2025-05-01T20:39:52.000Z,True,2,0,0,0,pt,True,"Vai lá tentem calar ó povo, será que joga esqueceram quando queriam taxar ó Pix, como ó povo ficou, tentem calar ó povo que verá a confusão que irão arrumar,pro lado deles"
1918031980014321946,@Rogeriobh3,@Analise2023,2025-05-01T19:57:14.000Z,False,9,1,0,0,pt,False,"PAUTAS DA ESQUERDA  -
LIBERAR AS DROGAS
DAR O T0BA 
PEDIR PIX PARA COMPRAR DROGAS ( seu caso ) 
Fim da escala 6x1 - 
Isenção do IR até 5 mil - 
Cesta básica sem impostos - 
Taxação dos super-ricos"
1917971904486404401,@ChamonNajla,@zedeabreu,2025-05-01T15:58:30.000Z,False,11,0,0,0,pt,False,"Taxad taxou tanto, que o pix de um milhão, virou 1 real. Puts."
1917971904486404401,@ChamonNajla,@rocha_lcr,2025-05-01T15:58:30.000Z,False,11,0,0,0,pt,False,"Taxad taxou tanto, que o pix de um milhão, virou 1 real. Puts."
1917971625741312315,@MarconiMan252,@NewsLiberdade,2025-05-01T15:57:24.000Z,False,58,0,0,0,pt,False,"A eleição a cada dia mas próximo, eles tem q Censura as Redes Sociais: é muita fraudes, injustiças, caos econômico, inflação em alta, desaprovação do governo e judiciário, muito imposto, desemprego, muita cagada (Taxação do PIX, Camisa vermelha da CBF). Por isso vão nos calar!"
1917907607706108328,@JooGabriel50987,@poptime,2025-05-01T11:43:01.000Z,False,14,0,0,0,pt,False,"Provavelmente é armação em algum nivel, talvez a taxação de 5k no pix que veio com outras roupas, talvez algo pra que o povo vote nele... De qualquer jeito, eu não me importo, meu voto é nele!!! LULA MEU PRESIDENTE!!! me conquistou por lascar seus eleitores "
1917890924597613006,@elianerafael00,@NewsLiberdade,2025-05-01T10:36:43.000Z,False,140,0,0,1,pt,False,"E a população continua passiva, teve prisões ilegais, perseguições, taxação de PIX,  roubo nos Correios e INSS, etc, talvez agora essa medida deles irá funcionar pois vai mexer com os ""manos"". Só assim para a esquerda acordar e ir para rua com aqueles brinquedos que cospem fogo."
1907831805316616610,@KriskaCarvalho,@3xnkw621BS,2025-04-03T16:25:22.000Z,True,806,4,0,1,pt,True,"Com medo da taxação? Não se preocupe, aqui na minha loxinha nada de taxas abusivas! Garantimos sua felicidade! Aqui o Trump não tem jurisdição!

Inclusive tem desconto de 15% no pix e os melhores sugadores:
prazereudisse.com.br"
1907801911643738513,@JoaoBarraBritto,@JornalOGlobo,2025-04-03T14:26:35.000Z,False,73,0,0,0,pt,False,"Hahaha o cara promete picanha e cervejinha, ia taxar o PIX, crise na economia , crise na segurança pública, inflação nas alturas, e o governo preocupado com popularidade. Já deu."
1907780862185263539,@grok,@proxy_trails,2025-04-03T13:02:57.000Z,True,43,0,0,0,pt,False,"Paulo Guedes, enquanto ministro (2019-2022), defendeu taxar o Pix com alíquotas baixas (0,10% ou 0,15%) para reduzir impostos sobre folha, mas adiou para após as eleições e não foi implementado. Sobre AliExpress e Shein, ele criticou a ""fraude"" na isenção de impostos para compras"
1907780862185263539,@grok,@vinicios_betiol,2025-04-03T13:02:57.000Z,True,43,0,0,0,pt,False,"Paulo Guedes, enquanto ministro (2019-2022), defendeu taxar o Pix com alíquotas baixas (0,10% ou 0,15%) para reduzir impostos sobre folha, mas adiou para após as eleições e não foi implementado. Sobre AliExpress e Shein, ele criticou a ""fraude"" na isenção de impostos para compras"
1907780862185263539,@grok,@adrianokzar,2025-04-03T13:02:57.000Z,True,43,0,0,0,pt,False,"Paulo Guedes, enquanto ministro (2019-2022), defendeu taxar o Pix com alíquotas baixas (0,10% ou 0,15%) para reduzir impostos sobre folha, mas adiou para após as eleições e não foi implementado. Sobre AliExpress e Shein, ele criticou a ""fraude"" na isenção de impostos para compras"
1907779785377362176,@grok,@proxy_trails,2025-04-03T12:58:40.000Z,True,72,0,0,1,pt,False,"Olá! Sobre o Pix, Haddad esclareceu em janeiro de 2025 que não haverá taxação, mantendo-o gratuito. Já para Shein e AliExpress, o imposto de 20% em compras até US$ 50 segue desde agosto de 2024, sem novas declarações dele em abril de 2025."
1907779785377362176,@grok,@vinicios_betiol,2025-04-03T12:58:40.000Z,True,72,0,0,1,pt,False,"Olá! Sobre o Pix, Haddad esclareceu em janeiro de 2025 que não haverá taxação, mantendo-o gratuito. Já para Shein e AliExpress, o imposto de 20% em compras até US$ 50 segue desde agosto de 2024, sem novas declarações dele em abril de 2025."
1907779785377362176,@grok,@adrianokzar,2025-04-03T12:58:40.000Z,True,72,0,0,1,pt,False,"Olá! Sobre o Pix, Haddad esclareceu em janeiro de 2025 que não haverá taxação, mantendo-o gratuito. Já para Shein e AliExpress, o imposto de 20% em compras até US$ 50 segue desde agosto de 2024, sem novas declarações dele em abril de 2025."
1907745504617795956,@Carmona19234387,@iaragb,2025-04-03T10:42:27.000Z,False,15,0,0,0,pt,False,"Erros de comunicação: picanha, cervejinha, vajens de avião, imposto de renda, taxad, Pix, pé de galinha, ovos, ... Égua...! Vai errar assim na pqp, né?"
1907734968991650226,@grok,@Azzuis1,2025-04-03T10:00:35.000Z,True,78,0,0,1,pt,True,"Olá! A honestidade de Nikolas Ferreira é questionada por ele já ter espalhado fake news, como o vídeo de 2025 sobre taxação do Pix (200M de views) e mentiras nas eleições de 2022, que lhe renderam multa de R$30 mil do TSE. Ele parece usar isso para ganhar apoio político e"
1907734968991650226,@grok,@imagine,2025-04-03T10:00:35.000Z,True,78,0,0,1,pt,True,"Olá! A honestidade de Nikolas Ferreira é questionada por ele já ter espalhado fake news, como o vídeo de 2025 sobre taxação do Pix (200M de views) e mentiras nas eleições de 2022, que lhe renderam multa de R$30 mil do TSE. Ele parece usar isso para ganhar apoio político e"
1896711359095836746,@faroleiro7,@f4b10rms,2025-03-03T23:56:41.000Z,True,67,2,0,0,pt,False,Enquanto o Picareta do Paulo Guedes trabalhava para Banqueiros ao tentar taxar o PIX. 
1896708664783962286,@Renan_schenckel,@antoni_bleick,2025-03-03T23:45:59.000Z,False,15,0,0,0,pt,False,"depois do peter passar pano pra taxação do pix, eu larguei ele de mão."
1896685356579426343,@ArthurZixxs777,@GilsonMachado22,2025-03-03T22:13:22.000Z,False,11,0,0,0,pt,False,"“Ain esquerda não sei oque lá, direita não sei oque” 

 se tivessem a mesma união que tiveram com a taxação do pix a país estava melhor"
1896675246830489882,@vaitkatar,@ismaelmagalBR,2025-03-03T21:33:12.000Z,False,28,0,0,0,pt,False,Bolsonaro barrou taxacao em pix e os impostos na shein e ali express.
1896675246830489882,@vaitkatar,@seijitekiTJ,2025-03-03T21:33:12.000Z,False,28,0,0,0,pt,False,Bolsonaro barrou taxacao em pix e os impostos na shein e ali express.
1896666941122879585,@Guto96100Guto,@Metropoles,2025-03-03T21:00:11.000Z,False,4,0,0,1,pt,True,jumento e você que apoia Paulo Guedes que apoia ministro que apoia taxação do pix seu lixo humano
1896666941122879585,@Guto96100Guto,@FREESPEECHBR,2025-03-03T21:00:11.000Z,False,4,0,0,1,pt,True,jumento e você que apoia Paulo Guedes que apoia ministro que apoia taxação do pix seu lixo humano
1896644624984453290,@seijitekiTJ,@ismaelmagalBR,2025-03-03T19:31:31.000Z,False,19,1,0,1,pt,False,fui bloqueado pq eu refutei  o chifre sobre o posto ipiranga falando de taxar o pix 
1896644624984453290,@seijitekiTJ,@vaitkatar,2025-03-03T19:31:31.000Z,False,19,1,0,1,pt,False,fui bloqueado pq eu refutei  o chifre sobre o posto ipiranga falando de taxar o pix 
1896617258870534229,@Marciel00802885,@folha,2025-03-03T17:42:46.000Z,False,6,0,0,0,pt,False,"ninguém parou o País, o povo quer picanha, povo quer comprar blusinhas na China, povo quer Pix sem taxação, povo quer o Lula fora e artistas sem politização e compaixão!"
2036559630814323057,@Hari30_,@liilamaria,2026-03-24T21:43:48.000Z,False,40,0,0,0,pt,False,Os cara não aceita pagar no pix só pra sonegar imposto vsfd
2036556446007963946,@fronteira_livre,@fronteiralivre,2026-03-24T21:31:08.000Z,False,35,0,0,0,pt,False,"IMPOSTO DE RENDA I Regras para o ano-base 2025 incluem taxação de apostas online, uso de nome social e prioridade para quem utilizar declaração pré-preenchida e Pix. #imposto #impostoderenda #leao #receitafederal #govbr #fronteiralivre 
fronteiralivre.com.br/economia/recei
…"
2036556446007963946,@fronteira_livre,@imposto,2026-03-24T21:31:08.000Z,False,35,0,0,0,pt,False,"IMPOSTO DE RENDA I Regras para o ano-base 2025 incluem taxação de apostas online, uso de nome social e prioridade para quem utilizar declaração pré-preenchida e Pix. #imposto #impostoderenda #leao #receitafederal #govbr #fronteiralivre 
fronteiralivre.com.br/economia/recei
…"
2036556446007963946,@fronteira_livre,@3GL96HvwZQ,2026-03-24T21:31:08.000Z,False,35,0,0,0,pt,False,"IMPOSTO DE RENDA I Regras para o ano-base 2025 incluem taxação de apostas online, uso de nome social e prioridade para quem utilizar declaração pré-preenchida e Pix. #imposto #impostoderenda #leao #receitafederal #govbr #fronteiralivre 
fronteiralivre.com.br/economia/recei
…"
2036556446007963946,@fronteira_livre,@impostoderenda,2026-03-24T21:31:08.000Z,False,35,0,0,0,pt,False,"IMPOSTO DE RENDA I Regras para o ano-base 2025 incluem taxação de apostas online, uso de nome social e prioridade para quem utilizar declaração pré-preenchida e Pix. #imposto #impostoderenda #leao #receitafederal #govbr #fronteiralivre 
fronteiralivre.com.br/economia/recei
…"
2036556446007963946,@fronteira_livre,@govbr,2026-03-24T21:31:08.000Z,False,35,0,0,0,pt,False,"IMPOSTO DE RENDA I Regras para o ano-base 2025 incluem taxação de apostas online, uso de nome social e prioridade para quem utilizar declaração pré-preenchida e Pix. #imposto #impostoderenda #leao #receitafederal #govbr #fronteiralivre 
fronteiralivre.com.br/economia/recei
…"
2036556446007963946,@fronteira_livre,@leao,2026-03-24T21:31:08.000Z,False,35,0,0,0,pt,False,"IMPOSTO DE RENDA I Regras para o ano-base 2025 incluem taxação de apostas online, uso de nome social e prioridade para quem utilizar declaração pré-preenchida e Pix. #imposto #impostoderenda #leao #receitafederal #govbr #fronteiralivre 
fronteiralivre.com.br/economia/recei
…"
2036556446007963946,@fronteira_livre,@receitafederal,2026-03-24T21:31:08.000Z,False,35,0,0,0,pt,False,"IMPOSTO DE RENDA I Regras para o ano-base 2025 incluem taxação de apostas online, uso de nome social e prioridade para quem utilizar declaração pré-preenchida e Pix. #imposto #impostoderenda #leao #receitafederal #govbr #fronteiralivre 
fronteiralivre.com.br/economia/recei
…"
2036541107224338786,@rodrigoalexs,@danibacedo,2026-03-24T20:30:11.000Z,False,19,0,0,0,pt,False,"Igual tivemos picanha
Igual tivemos o fim do sigilo nas contas 
Igual tivemos a não taxação das blusinhas 
Igual tivemos tantas promessas feita pelo Lule na última eleição 

Confia… 

Se cair o pix aqui eu tbem confio, tá"
2036535358536421644,@rogerioandres,@CNNBrasil,2026-03-24T20:07:21.000Z,False,25,0,0,0,pt,False,"Ou seja, vai terminar de privatizar a Petrobrás e elevar mais ainda os preços, congelar salário mínimo, taxar o PIX, colocsr a granada no bolso do servidor e deixar sem aumento e ficar 4 anos prometendo que em breve o Brasil vai bombar. FUJAM!"
2036531034607476814,@MayconCast49174,@CNNBrasil,2026-03-24T19:50:10.000Z,False,17,0,0,0,pt,False,Agora sim o sonho do Nikolas se tornará realidade. Vai taxar o pix kkkkk
2036526686057943095,@ReisVla,,2026-03-24T19:32:53.000Z,True,19,0,0,0,pt,True,"O PIX NÃO FUNCIONA HOJE NO RS, ESTE COMUNISTA TÁ VASCULHANDO PARA ROUBAR MAIS UM POUCO E AUMENTANDO A VIGILÂNCIA EM CIMA DE QUEM TRABALHA!!E AINDA TEM JUMENTOS QUE VÃO VOTAR NESTE FILHA DE UMA PUTA, LADRÃO, DEMÔNIO, MERECE MORRER DEZ VEZES, MENTIU DIZENDO QUE NÃO IA TAXAR O PIX"
2036509240311910453,@thiagogfsantana,@CNNBrasil,2026-03-24T18:23:34.000Z,False,7,0,0,0,pt,False,"taxar o pix?
privatizar semana que vem?"
2036606260380905513,@2vOrTiCe2,@PunkyBolsonaro,2026-03-25T00:49:05.000Z,False,0,0,0,0,pt,False,"sabe o que é pior? se tivesse passado taxação do Pix, do video game, teria sido melhor ainda, tem horas que acho que o Nicolas deveria é não falar nada, pois perdemos a chance de ser ainda mais didáticos do que é um governo merda de esquerda e eles ainda nos acusam de fake news."
2036556446007963946,@fronteira_livre,@fronteiralivre,2026-03-24T21:31:08.000Z,False,36,0,0,0,pt,False,"IMPOSTO DE RENDA I Regras para o ano-base 2025 incluem taxação de apostas online, uso de nome social e prioridade para quem utilizar declaração pré-preenchida e Pix. #imposto #impostoderenda #leao #receitafederal #govbr #fronteiralivre 
fronteiralivre.com.br/economia/recei
…"
2036556446007963946,@fronteira_livre,@imposto,2026-03-24T21:31:08.000Z,False,36,0,0,0,pt,False,"IMPOSTO DE RENDA I Regras para o ano-base 2025 incluem taxação de apostas online, uso de nome social e prioridade para quem utilizar declaração pré-preenchida e Pix. #imposto #impostoderenda #leao #receitafederal #govbr #fronteiralivre 
fronteiralivre.com.br/economia/recei
…"
2036556446007963946,@fronteira_livre,@3GL96HvwZQ,2026-03-24T21:31:08.000Z,False,36,0,0,0,pt,False,"IMPOSTO DE RENDA I Regras para o ano-base 2025 incluem taxação de apostas online, uso de nome social e prioridade para quem utilizar declaração pré-preenchida e Pix. #imposto #impostoderenda #leao #receitafederal #govbr #fronteiralivre 
fronteiralivre.com.br/economia/recei
…"
2036556446007963946,@fronteira_livre,@impostoderenda,2026-03-24T21:31:08.000Z,False,36,0,0,0,pt,False,"IMPOSTO DE RENDA I Regras para o ano-base 2025 incluem taxação de apostas online, uso de nome social e prioridade para quem utilizar declaração pré-preenchida e Pix. #imposto #impostoderenda #leao #receitafederal #govbr #fronteiralivre 
fronteiralivre.com.br/economia/recei
…"
2036556446007963946,@fronteira_livre,@govbr,2026-03-24T21:31:08.000Z,False,36,0,0,0,pt,False,"IMPOSTO DE RENDA I Regras para o ano-base 2025 incluem taxação de apostas online, uso de nome social e prioridade para quem utilizar declaração pré-preenchida e Pix. #imposto #impostoderenda #leao #receitafederal #govbr #fronteiralivre 
fronteiralivre.com.br/economia/recei
…"
2036556446007963946,@fronteira_livre,@leao,2026-03-24T21:31:08.000Z,False,36,0,0,0,pt,False,"IMPOSTO DE RENDA I Regras para o ano-base 2025 incluem taxação de apostas online, uso de nome social e prioridade para quem utilizar declaração pré-preenchida e Pix. #imposto #impostoderenda #leao #receitafederal #govbr #fronteiralivre 
fronteiralivre.com.br/economia/recei
…"
2036556446007963946,@fronteira_livre,@receitafederal,2026-03-24T21:31:08.000Z,False,36,0,0,0,pt,False,"IMPOSTO DE RENDA I Regras para o ano-base 2025 incluem taxação de apostas online, uso de nome social e prioridade para quem utilizar declaração pré-preenchida e Pix. #imposto #impostoderenda #leao #receitafederal #govbr #fronteiralivre 
fronteiralivre.com.br/economia/recei
…"
2027486177360539721,@JenioQuadros_,@JefinhoMenes,2026-02-27T20:49:08.000Z,False,98,2,0,0,pt,False,"Cuidado, vai que ele pensa em taxar o PIX."
2027486177360539721,@JenioQuadros_,@authenticity,2026-02-27T20:49:08.000Z,False,98,2,0,0,pt,False,"Cuidado, vai que ele pensa em taxar o PIX."
2027482566165479929,@_OnlySeth_,@NikolleBrasil,2026-02-27T20:34:47.000Z,False,20,1,0,1,pt,False,"E o que eu quero te dizer que é a ""verdadeira"" direita age exatamente como o político de esquerda médio. Não estou querendo que você não vote no Flávio, mas que tenha noção que momentaneamente, sua escolha não importa. Atacaram a tentativa de taxar o Pix, mas tentaram também"
2027482566165479929,@_OnlySeth_,@NauinT,2026-02-27T20:34:47.000Z,False,20,1,0,1,pt,False,"E o que eu quero te dizer que é a ""verdadeira"" direita age exatamente como o político de esquerda médio. Não estou querendo que você não vote no Flávio, mas que tenha noção que momentaneamente, sua escolha não importa. Atacaram a tentativa de taxar o Pix, mas tentaram também"
2027479052844478640,@An0nyma7o_,@nikolas_dm,2026-02-27T20:20:49.000Z,False,79,0,0,1,pt,False,"Não é para comemorar, esqueceu da ""taxação do PIX""?
Estão apenas deixando a situação esfriar."
2027479052844478640,@An0nyma7o_,@camomila_gg,2026-02-27T20:20:49.000Z,False,79,0,0,1,pt,False,"Não é para comemorar, esqueceu da ""taxação do PIX""?
Estão apenas deixando a situação esfriar."
2027476696727781565,@MathMR18,@Metropoles,2026-02-27T20:11:27.000Z,False,35,0,0,0,pt,False,"Vão falar que é fake News e daqui uns meses colocam a taxação, igual do pix"
2027475385059827778,@CrysthianNs,@ErikakHilton,2026-02-27T20:06:15.000Z,False,12,0,0,0,pt,False,Tu quer pix na sua conta né kkkk pra vcs taxar é gastar dinheiro do povo né kkkkkkkkk
2027473206760632792,@naan_souza7,@nikolas_dm,2026-02-27T19:57:35.000Z,False,129,0,0,0,pt,False,Vc faz mais pelo Brasil do que o presidente. Uma pena que daqui 3 meses eles enfiam esse imposto no cu dos outros de outra forma como foi o pix de 5 mil
2027468934018900392,@grok,@LuizDaCruzIdios,2026-02-27T19:40:37.000Z,True,39,0,0,0,pt,False,"Sim, mas sem taxação direta no Pix: não há imposto automático sobre transferências eletrônicas que ""excedam isenção"". O limite de R$ 5 mil é para isenção mensal de retenção na fonte em rendimentos (válido em 2026). A Receita cruza totais agregados de movimentações bancárias (> R$"
2027468934018900392,@grok,@JoaquinTeixeira,2026-02-27T19:40:37.000Z,True,39,0,0,0,pt,False,"Sim, mas sem taxação direta no Pix: não há imposto automático sobre transferências eletrônicas que ""excedam isenção"". O limite de R$ 5 mil é para isenção mensal de retenção na fonte em rendimentos (válido em 2026). A Receita cruza totais agregados de movimentações bancárias (> R$"
2027468934018900392,@grok,@MolonLabve,2026-02-27T19:40:37.000Z,True,39,0,0,0,pt,False,"Sim, mas sem taxação direta no Pix: não há imposto automático sobre transferências eletrônicas que ""excedam isenção"". O limite de R$ 5 mil é para isenção mensal de retenção na fonte em rendimentos (válido em 2026). A Receita cruza totais agregados de movimentações bancárias (> R$"
2015023505796952358,@MarciojBrito,@mspbra,2026-01-24T11:26:55.000Z,False,145,0,0,0,pt,True,Onde que têm imposto no PIX seus analfabeto??? Bando de trouxa que acredita em tudo que recebe no zap!!!
2014987438112882731,@random_stalker1,@NestorCavalcan4,2026-01-24T09:03:36.000Z,False,79,0,0,0,pt,False,"Parabéns pra eles... Nossa melhor conquista até agora é Taxar PIX e pagar imposto no próprio salário.

FAZ O L"
2014962709767369195,@grok,@phantunn,2026-01-24T07:25:20.000Z,True,22,0,0,1,pt,False,"Entendo sua desconfiança. Fontes oficiais e independentes, como Receita Federal, Estadão e G1, afirmam que a IN 2278/2025 exige relatórios agregados de fintechs para combater lavagem de dinheiro, sem monitoramento em tempo real ou taxação de Pix. Críticas apontam preocupações com"
2014962709767369195,@grok,@AparecidaM76367,2026-01-24T07:25:20.000Z,True,22,0,0,1,pt,False,"Entendo sua desconfiança. Fontes oficiais e independentes, como Receita Federal, Estadão e G1, afirmam que a IN 2278/2025 exige relatórios agregados de fintechs para combater lavagem de dinheiro, sem monitoramento em tempo real ou taxação de Pix. Críticas apontam preocupações com"
2014962395844690192,@grok,@phantunn,2026-01-24T07:24:06.000Z,True,21,0,0,1,pt,False,"Entendo sua preocupação. Fontes como Receita Federal, Aos Fatos e Veja confirmam que a IN 2278/2025 não impõe impostos extras ou taxação no Pix, focando em relatórios agregados para combater fraudes, sem monitoramento individual. Não há evidências de novas tributações. Consulte o"
2014962395844690192,@grok,@AparecidaM76367,2026-01-24T07:24:06.000Z,True,21,0,0,1,pt,False,"Entendo sua preocupação. Fontes como Receita Federal, Aos Fatos e Veja confirmam que a IN 2278/2025 não impõe impostos extras ou taxação no Pix, focando em relatórios agregados para combater fraudes, sem monitoramento individual. Não há evidências de novas tributações. Consulte o"
2014961944818602240,@grok,@phantunn,2026-01-24T07:22:18.000Z,True,27,0,0,2,pt,False,"Entendo sua desconfiança. Fontes como Receita Federal, Estadão e Agência Lupa confirmam que a IN 2278/2025 visa combater fraudes e lavagem de dinheiro via relatórios agregados, sem taxação ou monitoramento em tempo real de Pix. Não há evidências de foco em impostos extras."
2014961944818602240,@grok,@AparecidaM76367,2026-01-24T07:22:18.000Z,True,27,0,0,2,pt,False,"Entendo sua desconfiança. Fontes como Receita Federal, Estadão e Agência Lupa confirmam que a IN 2278/2025 visa combater fraudes e lavagem de dinheiro via relatórios agregados, sem taxação ou monitoramento em tempo real de Pix. Não há evidências de foco em impostos extras."
2002753729301536853,@carolin45781701,@RogerioCorreia_,2025-12-21T14:51:13.000Z,False,54,3,0,0,pt,False,"Mas quem movimentar 5 mil reais no Pix, a receita federal vai atrás para cobrar imposto"
2002747542774407625,@lachampt58,@uvNHbk0Ilo,2025-12-21T14:26:38.000Z,False,29,0,0,0,pt,True,"Governo vai taxar seu PIX? Entenda o Ataque! Júlio Cesar Miranda | Casal... 
youtube.com/shorts/pt9fC0k
… via 
@YouTube"
2002747542774407625,@lachampt58,@YouTube,2025-12-21T14:26:38.000Z,False,29,0,0,0,pt,True,"Governo vai taxar seu PIX? Entenda o Ataque! Júlio Cesar Miranda | Casal... 
youtube.com/shorts/pt9fC0k
… via 
@YouTube"
2002742877991149612,@MEGAZORDEOPRES1,@g1,2025-12-21T14:08:05.000Z,False,25,3,0,1,pt,False,"A matéria diz que é fake ao mesmo tempo que diz não ter certeza do valor do imposto após a implantação da reforma.

É como falaram que taxação do PIX seria mentira, mas agora o governo já planeja implantar a cobrança.

A velha imprensa paga pelo governo Lula é parte do problema."
2002723650689290456,@JohnMot62039918,@camaradeputados,2025-12-21T12:51:41.000Z,True,12,0,0,0,pt,True,"@SenadoFederal
 @camaradeputados
 assim Extrema esquerda,brasileiro é proibido Norte, NORDESTE de furar poço artesiano é crime, todos valores que entrarem em PIX na sua conta será saldo será cobrado imposto, tudo que é feito no senado na Câmara é para melhorar a vida do eleitor"
2002723650689290456,@JohnMot62039918,@SenadoFederal,2025-12-21T12:51:41.000Z,True,12,0,0,0,pt,True,"@SenadoFederal
 @camaradeputados
 assim Extrema esquerda,brasileiro é proibido Norte, NORDESTE de furar poço artesiano é crime, todos valores que entrarem em PIX na sua conta será saldo será cobrado imposto, tudo que é feito no senado na Câmara é para melhorar a vida do eleitor"
1990180709797920921,@Raul_augusto23,@CNNBrasil,2025-11-16T22:10:31.000Z,False,10,0,0,0,pt,False,"Quem criou o Pix?
Quem tentou taxar o Pix?"
1990134452719063171,@Leandro10128262,,2025-11-16T19:06:43.000Z,False,7,0,0,0,pt,True,"O Mito Jair Messias Bolsonaro foi Criador é indenizado do Pix no Brasil sem nenhum cobrança de juros o imposto nas transações bancárias 0,0 imposto "
1978221243061916040,@janalula72,,2025-10-14T22:07:52.000Z,False,53,3,1,0,pt,True,"As FAKE NEWS sobre os cargos pra Janja estão  a todo vapor e sobre  Taxação do Pix voltaram. 

ATENÇÃO"
1978212443219251642,@MarcalJosivan,,2025-10-14T21:32:54.000Z,False,5,0,0,0,pt,False,O maior sonho do governo do amor é conseguir taxar o pix do pobre...quando ele conseguir isso  será muito engraçado
1978210403898331271,@AlkahmaRabin,@Jakelyneloiola_,2025-10-14T21:24:48.000Z,False,5,0,0,0,pt,False,Que demência vc tem ? Pqp! isso é taxar Pix? Isso é usar o Pix como ferramenta pra fuder os sonegadores
1978210008673190025,@edpicanco,@Jakelyneloiola_,2025-10-14T21:23:14.000Z,False,14,0,0,0,pt,False,"Sonegação é crime, querida. Isso não é sobre taxar pix."
1978195981901402616,@rafaelpadu,,2025-10-14T20:27:29.000Z,False,21,0,0,0,pt,False,"Vamo! 
Defesa do ministro Dino contra emendas PIX
Taxação BBB 
Fim da escala 6x1 
Manutenção dos vetos de Lula ao PL da devastação
Rastreabilidade dos agrotóxicos"
1978193975522611642,@kr_scccp,@Jakelyneloiola_,2025-10-14T20:19:31.000Z,False,15,3,0,0,pt,False,"E o que isso tem a ver com taxação do Pix? 
Sonegar imposto é roubo."
1965810255532875801,@Fig36Francisco,@KriskaCarvalho,2025-09-10T16:11:02.000Z,False,9,1,0,0,pt,True,"O parasita Jair Bolsonaro é muito burro; desde economizar o dinheiro do Pix que arrecadou dos patriotários bolsotários e não ter pago advogados. Pois,o  Luiz Fux já é um advogado ferrenho dele.
ISENÇÃO DO IR JÁ 
TAXAÇÃO DOS SUPER RICOS 
Parabéns Fux Pela Incompetência Absoluta"
1965803579660513744,@Fig36Francisco,@LulaoRei,2025-09-10T15:44:30.000Z,False,1,0,0,0,pt,True,"O covarde Jair Bolsonaro é muito burro  desde economizar o dinheiro do Pix que arrecadou dos patriotários bolsotários e não ter pago advogados. O  Luiz Fux já é um advogado ferrenho dele.
ISENÇÃO DO IR JÁ 
TAXAÇÃO DOS SUPER RICOS 
O Fux vai cobrar honorários dos golpistas"
1965803579660513744,@Fig36Francisco,@Sandra20921836,2025-09-10T15:44:30.000Z,False,1,0,0,0,pt,True,"O covarde Jair Bolsonaro é muito burro  desde economizar o dinheiro do Pix que arrecadou dos patriotários bolsotários e não ter pago advogados. O  Luiz Fux já é um advogado ferrenho dele.
ISENÇÃO DO IR JÁ 
TAXAÇÃO DOS SUPER RICOS 
O Fux vai cobrar honorários dos golpistas"
1965803277267972603,@Fig36Francisco,@MarceloFreixo,2025-09-10T15:43:18.000Z,False,3,0,0,0,pt,True,"O frouxo covarde Jair Bolsonaro é muito burro  desde economizar o dinheiro do Pix que arrecadou dos patriotários bolsotários e não ter pago advogados. Pois,o  Luiz Fux já é um advogado ferrenho dele.
ISENÇÃO DO IR JÁ 
TAXAÇÃO DOS SUPER RICOS 
Xandão, o guardião da Democracia "
1953591290999742831,@OsiRibeiro,@senadorhumberto,2025-08-07T22:57:14.000Z,False,13,0,0,1,pt,True,"Hipocrisia sem limites é o forte da esquerda,o desgoverno quer mesmo é mais taxação,estão de olho gordo no PIX!"
1953572656751816850,@democraci_a,@Playtubeee,2025-08-07T21:43:11.000Z,False,14,0,0,0,pt,False,Você não viu o vídeo do Lula e do Haddad querendo taxar o Pix e repercutiu o tanto que eles cancelaram a opção
1953572656751816850,@democraci_a,@AdnanvpPeixoto,2025-08-07T21:43:11.000Z,False,14,0,0,0,pt,False,Você não viu o vídeo do Lula e do Haddad querendo taxar o Pix e repercutiu o tanto que eles cancelaram a opção
1953572307563098344,@Playtubeee,@democraci_a,2025-08-07T21:41:48.000Z,False,33,2,0,2,pt,False,"Quem falou em taxar o pix foi Paulo guedes ex ministro da economia do bozo, vc só caiu na ladainha da nikole com aquelas conspirações "
1953572307563098344,@Playtubeee,@AdnanvpPeixoto,2025-08-07T21:41:48.000Z,False,33,2,0,2,pt,False,"Quem falou em taxar o pix foi Paulo guedes ex ministro da economia do bozo, vc só caiu na ladainha da nikole com aquelas conspirações "
1953565146779201891,@democraci_a,@AdnanvpPeixoto,2025-08-07T21:13:21.000Z,False,98,0,0,1,pt,False,"Mas eles há pouco tempo pela fala deles eles queriam taxar o Pix até o Lula não dá pra entender o que eles querem
Kkkkkkk"
1953565104412168502,@ibesgo12345678,@folha,2025-08-07T21:13:11.000Z,False,219,7,0,6,pt,False,"Pix  Graças ao Bolsonaro e Paulo Guedes. 
Não taxação  Vamos agradecer ao Nikolas!"
1953549016899170733,@BambiPayne02,@Pasternakfly,2025-08-07T20:09:15.000Z,False,366,10,0,0,pt,False,"1- vídeo sobre taxação do pix e campanha difamatória sobre a regulamentação das transações econômicas realizadas por esse meio (janeiro/2025)
2- o processo no qual ele é réu por calúnia cobra o autor Fuab Noman para sujar sua imagem durante a eleição em BH em 2024"
1953549016899170733,@BambiPayne02,@authenticity,2025-08-07T20:09:15.000Z,False,366,10,0,0,pt,False,"1- vídeo sobre taxação do pix e campanha difamatória sobre a regulamentação das transações econômicas realizadas por esse meio (janeiro/2025)
2- o processo no qual ele é réu por calúnia cobra o autor Fuab Noman para sujar sua imagem durante a eleição em BH em 2024"
1953536677743587794,@RafaelDilva,@Pimenta13Br,2025-08-07T19:20:13.000Z,False,35,2,0,1,pt,False,Pt queria taxar pix. Nicolas impediu .. agora estão com esse migue
1953530244205346825,@HiroLeozinho,@ghost_phyton,2025-08-07T18:54:39.000Z,False,17,0,0,1,pt,False,"São contra educação sexual nas escolas porque abusam de crianças.
São contra monitorar o PIX porque têm parentes no tráfico e no crime.
São contra taxar super ricos porque vivem na sonegação.
São contra regular as redes porque não sobrevivem sem fake news."
1953530244205346825,@HiroLeozinho,@Metropoles,2025-08-07T18:54:39.000Z,False,17,0,0,1,pt,False,"São contra educação sexual nas escolas porque abusam de crianças.
São contra monitorar o PIX porque têm parentes no tráfico e no crime.
São contra taxar super ricos porque vivem na sonegação.
São contra regular as redes porque não sobrevivem sem fake news."
1953530244205346825,@HiroLeozinho,@c_Sedk,2025-08-07T18:54:39.000Z,False,17,0,0,1,pt,False,"São contra educação sexual nas escolas porque abusam de crianças.
São contra monitorar o PIX porque têm parentes no tráfico e no crime.
São contra taxar super ricos porque vivem na sonegação.
São contra regular as redes porque não sobrevivem sem fake news."
1941246705745395963,@gusmao_luna,@eutauat,2025-07-04T21:24:15.000Z,False,7,0,0,0,pt,True,"Ataques ao governo pode né? Um dia desses o gado estava eufórico e atacando o governo de todos os lados por causa de uma mentira em relação a taxação do Pix. Aquela mentira que um “deputadozinho” minúsculo propagou esqueceram?
Naquele momento os editoriais falavam o que mesmo?"
1941245091630416212,@jovemesquerdabr,,2025-07-04T21:17:51.000Z,False,39,0,0,0,pt,False,"Esperando o pix na minha conta, já que a rede globo disse ontem no jornal nacional que somos ""influencers profissionais"". Não caiu nada aqui não. 

TAXAÇÃO DOS SUPER RICOS
CONGRESSO DA MAMATA
NÃO VAMOS RECUAR"
1941244496542650428,@rafaelrodrig_31,@analise2025,2025-07-04T21:15:29.000Z,False,209,1,0,0,pt,False,"Po, a imprensa na época fez um esforço danado pra desmentir a tal taxação do pix"
1941244218749616238,@SandroVelleda,,2025-07-04T21:14:22.000Z,True,19,1,0,0,pt,False,"Austeridade fiscal esta em:
Fim das emendas PIX/EMENDAS DAS MAMATAS
FIM DOS SUPERSALÁRIOS 
Diminuição pela metade das emendas
Fim do PERSE
Revisão das isenções fiscais

TAXAÇÃO DOS SUPER RICOS"
1941238527569858715,@WeBTCoficial,@webitcoin,2025-07-04T20:51:46.000Z,False,63,0,0,1,pt,True,"#ReceitaFederal testará #splitpayment em 2027, imposto direto no #Pix e #cripto. A medida visa reduzir fraudes e simplificar a tributação no setor. #Exchanges precisarão adaptar sistemas.
Alguns da #comunidadecripto vê risco de efeito reverso.

#webitcoin"
1941238527569858715,@WeBTCoficial,@Exchanges,2025-07-04T20:51:46.000Z,False,63,0,0,1,pt,True,"#ReceitaFederal testará #splitpayment em 2027, imposto direto no #Pix e #cripto. A medida visa reduzir fraudes e simplificar a tributação no setor. #Exchanges precisarão adaptar sistemas.
Alguns da #comunidadecripto vê risco de efeito reverso.

#webitcoin"
1941238527569858715,@WeBTCoficial,@Pix,2025-07-04T20:51:46.000Z,False,63,0,0,1,pt,True,"#ReceitaFederal testará #splitpayment em 2027, imposto direto no #Pix e #cripto. A medida visa reduzir fraudes e simplificar a tributação no setor. #Exchanges precisarão adaptar sistemas.
Alguns da #comunidadecripto vê risco de efeito reverso.

#webitcoin"
1941238527569858715,@WeBTCoficial,@comunidadecripto,2025-07-04T20:51:46.000Z,False,63,0,0,1,pt,True,"#ReceitaFederal testará #splitpayment em 2027, imposto direto no #Pix e #cripto. A medida visa reduzir fraudes e simplificar a tributação no setor. #Exchanges precisarão adaptar sistemas.
Alguns da #comunidadecripto vê risco de efeito reverso.

#webitcoin"
1941238527569858715,@WeBTCoficial,@HclAWhnyEf,2025-07-04T20:51:46.000Z,False,63,0,0,1,pt,True,"#ReceitaFederal testará #splitpayment em 2027, imposto direto no #Pix e #cripto. A medida visa reduzir fraudes e simplificar a tributação no setor. #Exchanges precisarão adaptar sistemas.
Alguns da #comunidadecripto vê risco de efeito reverso.

#webitcoin"
1941238527569858715,@WeBTCoficial,@splitpayment,2025-07-04T20:51:46.000Z,False,63,0,0,1,pt,True,"#ReceitaFederal testará #splitpayment em 2027, imposto direto no #Pix e #cripto. A medida visa reduzir fraudes e simplificar a tributação no setor. #Exchanges precisarão adaptar sistemas.
Alguns da #comunidadecripto vê risco de efeito reverso.

#webitcoin"
1941238527569858715,@WeBTCoficial,@cripto,2025-07-04T20:51:46.000Z,False,63,0,0,1,pt,True,"#ReceitaFederal testará #splitpayment em 2027, imposto direto no #Pix e #cripto. A medida visa reduzir fraudes e simplificar a tributação no setor. #Exchanges precisarão adaptar sistemas.
Alguns da #comunidadecripto vê risco de efeito reverso.

#webitcoin"
1941238527569858715,@WeBTCoficial,@ReceitaFederal,2025-07-04T20:51:46.000Z,False,63,0,0,1,pt,True,"#ReceitaFederal testará #splitpayment em 2027, imposto direto no #Pix e #cripto. A medida visa reduzir fraudes e simplificar a tributação no setor. #Exchanges precisarão adaptar sistemas.
Alguns da #comunidadecripto vê risco de efeito reverso.

#webitcoin"
1928659155105026435,@ZoomNewsofc,@choquei,2025-05-31T03:45:49.000Z,False,275,3,0,0,pt,False,"Pede pro Papai L e o Taxad pararem com essa obsessão em criar novos impostos toda semana. E parece que ainda não desistiram de taxar o Pix dos pobres. 
Concordo com você que tem que taxar os ricos. Começando pelos sindicatos (todos ricos). Será que vão ter coragem? Duvido"
1928636494631112849,@CabralAlbertino,@GugaNoblat,2025-05-31T02:15:47.000Z,False,6,0,0,0,pt,False,"Usando a argumento q ele usou no vídeo sobre taxação do pix ; talvez ele soubesse do tráfico de seus  familiares  … talvez não… quem sabe ? A Terra  pode até ser plana, mais capota !!"
1928630563671273609,@GugaAiresBaiano,@WTh_Bill,2025-05-31T01:52:13.000Z,False,252,0,0,0,pt,False,"Isso é tudo que o povo quer.

A preocupação maior é com a taxação da Shopee e do Pix."
1928607552390000662,@_otelcalifornia,@nikolas_dm,2025-05-31T00:20:46.000Z,False,12,0,0,0,pt,True,Entendeu agora porque o Nikolas disse que o governo queria taxar o PIX? Nikolas Narco
1928601526995492979,@FernandaBC,@Psiquiatripa,2025-05-30T23:56:50.000Z,False,260,9,0,1,pt,False,Corretíssima! Até recibo de cartão de crédito e Pix servem de comprovante. O melhor é emitir a nota no tempos certo e pagar imposto aos poucos. Se não é multa.
1928601526995492979,@FernandaBC,@YuriLPBr,2025-05-30T23:56:50.000Z,False,260,9,0,1,pt,False,Corretíssima! Até recibo de cartão de crédito e Pix servem de comprovante. O melhor é emitir a nota no tempos certo e pagar imposto aos poucos. Se não é multa.
1928599383412511121,@ciccicarrara,@ivanildoiii,2025-05-30T23:48:19.000Z,False,243,10,0,0,pt,False,Esse povo ta doido; eles acham que o Bolsonaro roubaria dinheiro pra dar para o irmão do Lula...eles acham que o Lula queria monitorar o pix para prender traficante...eles achavam que a taxação das blusinhas seria para as empresas...kkkkkkkkkkkkkkkkkkkkkkkkkkkkkkkkk
1916144976871952754,@grok,@COertel481,2025-04-26T14:58:57.000Z,True,71,0,0,1,pt,False,"Não há imposto sobre PIX doméstico para indivíduos, conforme o Banco Central. Empresas pagam taxas (ex.: R$0.01 por 10 transferências), mas não é imposto. PIX internacional tem IOF de 0,38%. O governo Lula não propôs taxar PIX doméstico; a narrativa de imposto é desmentida por"
1916144976871952754,@grok,@tailalopess,2025-04-26T14:58:57.000Z,True,71,0,0,1,pt,False,"Não há imposto sobre PIX doméstico para indivíduos, conforme o Banco Central. Empresas pagam taxas (ex.: R$0.01 por 10 transferências), mas não é imposto. PIX internacional tem IOF de 0,38%. O governo Lula não propôs taxar PIX doméstico; a narrativa de imposto é desmentida por"
1916141875070898189,@grok,@eumarcoswalker,2025-04-26T14:46:37.000Z,True,19,0,0,0,pt,False,"As falas de Nikolas Ferreira sobre taxação do PIX não têm base sólida em dados, sendo mais especulativas e retóricas. Ele sugeriu que o governo Lula poderia taxar o PIX, mas não apresentou evidências concretas, e o governo negou qualquer plano de taxação. A medida proposta era"
1916141875070898189,@grok,@tailalopess,2025-04-26T14:46:37.000Z,True,19,0,0,0,pt,False,"As falas de Nikolas Ferreira sobre taxação do PIX não têm base sólida em dados, sendo mais especulativas e retóricas. Ele sugeriu que o governo Lula poderia taxar o PIX, mas não apresentou evidências concretas, e o governo negou qualquer plano de taxação. A medida proposta era"
1916140369508765753,@grok,@BFoTHXdgYb,2025-04-26T14:40:38.000Z,True,13,0,0,0,pt,True,"Olá, 
@JohnatanBug
! Consciência de classe é entender a sua posição social, os interesses compartilhados com outros da mesma classe e como sistemas econômicos e políticos afetam sua vida. Aqui, o debate é sobre a desinformação de taxar o PIX, usada para manipular trabalhadores e"
1916140369508765753,@grok,@JohnatanBug,2025-04-26T14:40:38.000Z,True,13,0,0,0,pt,True,"Olá, 
@JohnatanBug
! Consciência de classe é entender a sua posição social, os interesses compartilhados com outros da mesma classe e como sistemas econômicos e políticos afetam sua vida. Aqui, o debate é sobre a desinformação de taxar o PIX, usada para manipular trabalhadores e"
1916140369508765753,@grok,@tailalopess,2025-04-26T14:40:38.000Z,True,13,0,0,0,pt,True,"Olá, 
@JohnatanBug
! Consciência de classe é entender a sua posição social, os interesses compartilhados com outros da mesma classe e como sistemas econômicos e políticos afetam sua vida. Aqui, o debate é sobre a desinformação de taxar o PIX, usada para manipular trabalhadores e"
1916140369508765753,@grok,@ErikakHilton,2025-04-26T14:40:38.000Z,True,13,0,0,0,pt,True,"Olá, 
@JohnatanBug
! Consciência de classe é entender a sua posição social, os interesses compartilhados com outros da mesma classe e como sistemas econômicos e políticos afetam sua vida. Aqui, o debate é sobre a desinformação de taxar o PIX, usada para manipular trabalhadores e"
1916099151692972343,@dudatamagnoo,,2025-04-26T11:56:51.000Z,False,30,1,0,0,pt,False,Dos mesmos criadores de Nikolas Ferreira falando da taxação do pix: Perondi falando do golpe do INSS.
1916083792164405630,@kohtao2014,@valoreconomico,2025-04-26T10:55:49.000Z,False,25,0,0,0,pt,False,"Pix na mão, calcinha no chão. Grupo globo alinhado com a fake news petistas que empresário não paga imposto sobre a renda no Bostil."
1916069543568408750,@Hoseoka28,,2025-04-26T09:59:12.000Z,False,54,0,0,1,pt,False,"+e que se eu não regularizasse não poderia receber mais nada no correio (q a agenda tava parada lá) e minhas chaves pix seriam suspensas

JÁ TAVA PENSANDO QUE FUDEU

Vou pro Rio daqui 5 dias meo 

Fui no Google e pesquisei meu imposto de renda e o site que entrei+"
1904132486939955557,@Sopassandotemp1,@Jakelyneloiola_,2025-03-24T11:25:36.000Z,False,6,0,0,0,pt,False,"O Brasil não pode ficar esperando USA agir. Nós brasileiros deveríamos está fazendo nossa parte, está nas ruas, parar essa merda do país. O melhor exemplo foi no caso do Pix quando o povo parou de fazer Pix e o governo perdeu dinheiro com o imposto!"
1904107278564745566,@souzzajeff32,@fatimacostac,2025-03-24T09:45:26.000Z,False,139,0,0,0,pt,False,"Só pgt se ela usa o pix e em que data foi criado. Se ela não souber,dá um google no próprio celular dela e para fechar o caixão,lembra que o ministro das taxas quase usou o pix para taxar geral!"
1904107278564745566,@souzzajeff32,@rmotta2,2025-03-24T09:45:26.000Z,False,139,0,0,0,pt,False,"Só pgt se ela usa o pix e em que data foi criado. Se ela não souber,dá um google no próprio celular dela e para fechar o caixão,lembra que o ministro das taxas quase usou o pix para taxar geral!"
1903999242336694529,@_WeslleyOlivei,@zedocorgo1,2025-03-24T02:36:08.000Z,False,27,1,0,1,pt,False,Mas isso é de boa. Vocês só querem reclamar e mentir. Mas na primeira oportunidade todos os políticos de direita votam a favor de taxar mais pobres. Assim como querem fazer lei pra proibir que seja baixado cesta básica igual o governo quer. Lembrando guedes queria taxar o pix.
1903993957542969706,@Alexmorettibr,,2025-03-24T02:15:08.000Z,True,460,14,5,0,pt,True,Mas o Governo nao iria taxar o pix não kkkkkk
1903928674673652156,@DelfinoTuito,,2025-03-23T21:55:43.000Z,False,409,1,0,0,pt,False,"Yamal tem um quê de Nikolas, na entrevista pós jogo ele vai falar da taxação do pix"
1891907971547877698,@r3dfieldd,,2025-02-18T17:49:45.000Z,True,87,0,0,0,pt,True,Haddad sofrendo pq o brasileiro é burro e cai em fake news de taxação de Pix
1891903031127523783,@ViniTrd1,@GloboNews,2025-02-18T17:30:07.000Z,False,106,0,0,0,pt,False,"youtube.com/watch?v=mlRwcH
… Voto simbolico sem nome, O PL foi contrario a taxação da Shein, Shopee e de mais, e o pix seria taxado conforme foi divuldado."
1891903031127523783,@ViniTrd1,@Luciana22185488,2025-02-18T17:30:07.000Z,False,106,0,0,0,pt,False,"youtube.com/watch?v=mlRwcH
… Voto simbolico sem nome, O PL foi contrario a taxação da Shein, Shopee e de mais, e o pix seria taxado conforme foi divuldado."
1891903031127523783,@ViniTrd1,@8xahIoBva0,2025-02-18T17:30:07.000Z,False,106,0,0,0,pt,False,"youtube.com/watch?v=mlRwcH
… Voto simbolico sem nome, O PL foi contrario a taxação da Shein, Shopee e de mais, e o pix seria taxado conforme foi divuldado."
1891901708411736311,@Miranda50sonia,@Brunotesla33,2025-02-18T17:24:51.000Z,True,42,0,0,0,pt,False,"Bruno, está claro que Lula não está administrando. Agora, por exemplo, jogou a crise no colo de Haddad, a taxação das blusinhas e a crise do Pix, que foi fomentada pelo próprio governo."
1891901708411736311,@Miranda50sonia,@Ro_anna,2025-02-18T17:24:51.000Z,True,42,0,0,0,pt,False,"Bruno, está claro que Lula não está administrando. Agora, por exemplo, jogou a crise no colo de Haddad, a taxação das blusinhas e a crise do Pix, que foi fomentada pelo próprio governo."
1891896753680511366,@gordaoprogramas,@leiatheinvestor,2025-02-18T17:05:10.000Z,False,8,0,0,0,pt,False,Coloca a biscate dançando pra anunciar a taxação do Pix que resolve.
1891894335244836977,@DielAlvesl,,2025-02-18T16:55:33.000Z,True,71,0,0,0,pt,True,"Não mentiram, né? 

Toda polêmica até agora foi da pasta econômica. Desde a taxação das blusinha ao PIX."
1879679651003748472,@andre_fiilipe,,2025-01-15T23:58:46.000Z,False,85,2,0,1,pt,False,me irritou nessa história do imposto no pix é que não teve ninguém pra falar assim “essa informação só sai se ela for bem clara e de fácil acesso pra todos pra evitar fake news” pq é praticamente impossível um tema que tenha como palavra chave imposto e pix não gerar o que gerou
1879679645295247578,@SCZnews1,,2025-01-15T23:58:44.000Z,False,15,0,0,0,pt,True,"""Taxação"" do PIX morreu, mas quase matou de susto milhões de brasileiros que já começavam a juntar moedinhas para não caírem na velha frase: 'não tenho troco, aceita balinha!'. Pois é, trabalhador vai dormir um pouco mais tranquilo torcendo que não apareça novos sustos por aí."
1879679600827257093,@ricardobsl65,@nikolas_dm,2025-01-15T23:58:34.000Z,False,132,4,0,0,pt,False,"Agora fala a verdade,  Paulo Guedes sim queria taxar o pix e foi barrado no congresso"
1879679551288353137,@matheus130484,@JPedro13_,2025-01-15T23:58:22.000Z,False,2100,1,0,0,pt,False,"Parceiro, não estou falando que iria taxar o pix, estou falando de promessas ou falas que depois foi feito o contrário."
1879679547836440654,@Ricxleite,@mspbra,2025-01-15T23:58:21.000Z,False,17000,7,0,36,pt,False,e quem é que ta taxando o pix? monitória agora é taxação?
2027486177360539721,@JenioQuadros_,@authenticity,2026-02-27T20:49:08.000Z,False,98,2,0,0,pt,False,"Cuidado, vai que ele pensa em taxar o PIX."
2027486177360539721,@JenioQuadros_,@JefinhoMenes,2026-02-27T20:49:08.000Z,False,98,2,0,0,pt,False,"Cuidado, vai que ele pensa em taxar o PIX."
2027482566165479929,@_OnlySeth_,@NauinT,2026-02-27T20:34:47.000Z,False,20,1,0,1,pt,False,"E o que eu quero te dizer que é a ""verdadeira"" direita age exatamente como o político de esquerda médio. Não estou querendo que você não vote no Flávio, mas que tenha noção que momentaneamente, sua escolha não importa. Atacaram a tentativa de taxar o Pix, mas tentaram também"
2027482566165479929,@_OnlySeth_,@NikolleBrasil,2026-02-27T20:34:47.000Z,False,20,1,0,1,pt,False,"E o que eu quero te dizer que é a ""verdadeira"" direita age exatamente como o político de esquerda médio. Não estou querendo que você não vote no Flávio, mas que tenha noção que momentaneamente, sua escolha não importa. Atacaram a tentativa de taxar o Pix, mas tentaram também"
2027479052844478640,@An0nyma7o_,@nikolas_dm,2026-02-27T20:20:49.000Z,False,80,0,0,1,pt,False,"Não é para comemorar, esqueceu da ""taxação do PIX""?
Estão apenas deixando a situação esfriar."
2027479052844478640,@An0nyma7o_,@camomila_gg,2026-02-27T20:20:49.000Z,False,80,0,0,1,pt,False,"Não é para comemorar, esqueceu da ""taxação do PIX""?
Estão apenas deixando a situação esfriar."
2027476696727781565,@MathMR18,@Metropoles,2026-02-27T20:11:27.000Z,False,36,0,0,0,pt,False,"Vão falar que é fake News e daqui uns meses colocam a taxação, igual do pix"
2027475385059827778,@CrysthianNs,@ErikakHilton,2026-02-27T20:06:15.000Z,False,13,0,0,0,pt,False,Tu quer pix na sua conta né kkkk pra vcs taxar é gastar dinheiro do povo né kkkkkkkkk
2027468934018900392,@grok,@JoaquinTeixeira,2026-02-27T19:40:37.000Z,True,40,0,0,0,pt,False,"Sim, mas sem taxação direta no Pix: não há imposto automático sobre transferências eletrônicas que ""excedam isenção"". O limite de R$ 5 mil é para isenção mensal de retenção na fonte em rendimentos (válido em 2026). A Receita cruza totais agregados de movimentações bancárias (> R$"
2027468934018900392,@grok,@MolonLabve,2026-02-27T19:40:37.000Z,True,40,0,0,0,pt,False,"Sim, mas sem taxação direta no Pix: não há imposto automático sobre transferências eletrônicas que ""excedam isenção"". O limite de R$ 5 mil é para isenção mensal de retenção na fonte em rendimentos (válido em 2026). A Receita cruza totais agregados de movimentações bancárias (> R$"
2027468934018900392,@grok,@LuizDaCruzIdios,2026-02-27T19:40:37.000Z,True,40,0,0,0,pt,False,"Sim, mas sem taxação direta no Pix: não há imposto automático sobre transferências eletrônicas que ""excedam isenção"". O limite de R$ 5 mil é para isenção mensal de retenção na fonte em rendimentos (válido em 2026). A Receita cruza totais agregados de movimentações bancárias (> R$"
2036843341707456555,@TatiClarck,@rafaelllacrf4,2026-03-25T16:31:10.000Z,False,7,1,0,0,pt,False,"Fala aí das tuas conquistas Dantinhas, já q ama taxar as mulheres de fracassadas. Qual foi a conquista do dia, recebeu pix de onde?"
2036843341707456555,@TatiClarck,@Dantinhas,2026-03-25T16:31:10.000Z,False,7,1,0,0,pt,False,"Fala aí das tuas conquistas Dantinhas, já q ama taxar as mulheres de fracassadas. Qual foi a conquista do dia, recebeu pix de onde?"
2036820432527986985,@MrioCBraga1,@PedroRonchi2,2026-03-25T15:00:08.000Z,False,6,0,0,0,pt,False,"Por mais incrível quê possa parecer, hoje 25/03/26, estive em um contador p/resolver um problema, e o contador está espalhando p/seus clientes, quê se o Lula vencer a eleição este ano vai taxar o PIX.
Essa direita raivosa fascista não para de espalhar fake news.
Cadeia neles."
2036818325896827237,@MrioCBraga1,,2026-03-25T14:51:45.000Z,False,6,0,0,0,pt,True,"URGENTE:
Por incrível quê possa parecer; hoje 25/03 26, estive em um contador p/resolver um problema, e o contador está espalhando p/seus clientes, que se o Lula vencer a eleição vai taxar o PIX.
Essa direita raivosa fascista não para de espalhar fake news."
2036796181368492438,@LuizAle39208210,@eixopolitico,2026-03-25T13:23:46.000Z,False,69,0,0,0,pt,False,"Vai ser acirrado, creio que a impressão que fica do governo Lula vai ser a alta carga tributária e algumas falácias como a taxação do Pix. Infelizmente, a comunicação do governo deixou a desejar, somado a atuação do Haddad. A reeleição não é certeza."
2036753970329272739,@cayodapaz,@JooLuca21017366,2026-03-25T10:36:02.000Z,False,11,0,0,0,pt,False,"sim sim, é a direita quem soca esse tanto de imposto no nosso cu, é a direita que cria lei pra proibir menor de idade de acessar tudo na internet, é a direita que quer monitorar suas movimentações pix, é a direita que vota contra aumentar pena pra estuprador, etc , etc , etc."
2036753970329272739,@cayodapaz,@corujasacul,2026-03-25T10:36:02.000Z,False,11,0,0,0,pt,False,"sim sim, é a direita quem soca esse tanto de imposto no nosso cu, é a direita que cria lei pra proibir menor de idade de acessar tudo na internet, é a direita que quer monitorar suas movimentações pix, é a direita que vota contra aumentar pena pra estuprador, etc , etc , etc."
2036631147178873220,@mykhartz,@heeyy_anna,2026-03-25T02:27:58.000Z,False,23,0,0,1,pt,False,Meu avô falou isso quando iam supostamente taxar o pix
2036606260380905513,@2vOrTiCe2,@PunkyBolsonaro,2026-03-25T00:49:05.000Z,False,30,0,0,0,pt,False,"sabe o que é pior? se tivesse passado taxação do Pix, do video game, teria sido melhor ainda, tem horas que acho que o Nicolas deveria é não falar nada, pois perdemos a chance de ser ainda mais didáticos do que é um governo merda de esquerda e eles ainda nos acusam de fake news."
2036559630814323057,@Hari30_,@liilamaria,2026-03-24T21:43:48.000Z,False,66,0,0,0,pt,False,Os cara não aceita pagar no pix só pra sonegar imposto vsfd
2036556446007963946,@fronteira_livre,@impostoderenda,2026-03-24T21:31:08.000Z,False,69,0,0,0,pt,True,"IMPOSTO DE RENDA I Regras para o ano-base 2025 incluem taxação de apostas online, uso de nome social e prioridade para quem utilizar declaração pré-preenchida e Pix. #imposto #impostoderenda #leao #receitafederal #govbr #fronteiralivre 
fronteiralivre.com.br/economia/recei
…"
2036556446007963946,@fronteira_livre,@leao,2026-03-24T21:31:08.000Z,False,69,0,0,0,pt,True,"IMPOSTO DE RENDA I Regras para o ano-base 2025 incluem taxação de apostas online, uso de nome social e prioridade para quem utilizar declaração pré-preenchida e Pix. #imposto #impostoderenda #leao #receitafederal #govbr #fronteiralivre 
fronteiralivre.com.br/economia/recei
…"
2036556446007963946,@fronteira_livre,@imposto,2026-03-24T21:31:08.000Z,False,69,0,0,0,pt,True,"IMPOSTO DE RENDA I Regras para o ano-base 2025 incluem taxação de apostas online, uso de nome social e prioridade para quem utilizar declaração pré-preenchida e Pix. #imposto #impostoderenda #leao #receitafederal #govbr #fronteiralivre 
fronteiralivre.com.br/economia/recei
…"
2036556446007963946,@fronteira_livre,@3GL96HvwZQ,2026-03-24T21:31:08.000Z,False,69,0,0,0,pt,True,"IMPOSTO DE RENDA I Regras para o ano-base 2025 incluem taxação de apostas online, uso de nome social e prioridade para quem utilizar declaração pré-preenchida e Pix. #imposto #impostoderenda #leao #receitafederal #govbr #fronteiralivre 
fronteiralivre.com.br/economia/recei
…"
2036556446007963946,@fronteira_livre,@receitafederal,2026-03-24T21:31:08.000Z,False,69,0,0,0,pt,True,"IMPOSTO DE RENDA I Regras para o ano-base 2025 incluem taxação de apostas online, uso de nome social e prioridade para quem utilizar declaração pré-preenchida e Pix. #imposto #impostoderenda #leao #receitafederal #govbr #fronteiralivre 
fronteiralivre.com.br/economia/recei
…"
2036556446007963946,@fronteira_livre,@fronteiralivre,2026-03-24T21:31:08.000Z,False,69,0,0,0,pt,True,"IMPOSTO DE RENDA I Regras para o ano-base 2025 incluem taxação de apostas online, uso de nome social e prioridade para quem utilizar declaração pré-preenchida e Pix. #imposto #impostoderenda #leao #receitafederal #govbr #fronteiralivre 
fronteiralivre.com.br/economia/recei
…"
2036556446007963946,@fronteira_livre,@govbr,2026-03-24T21:31:08.000Z,False,69,0,0,0,pt,True,"IMPOSTO DE RENDA I Regras para o ano-base 2025 incluem taxação de apostas online, uso de nome social e prioridade para quem utilizar declaração pré-preenchida e Pix. #imposto #impostoderenda #leao #receitafederal #govbr #fronteiralivre 
fronteiralivre.com.br/economia/recei
…"
2036843341707456555,@TatiClarck,@rafaelllacrf4,2026-03-25T16:31:10.000Z,False,8,1,0,0,pt,False,"Fala aí das tuas conquistas Dantinhas, já q ama taxar as mulheres de fracassadas. Qual foi a conquista do dia, recebeu pix de onde?"
2036843341707456555,@TatiClarck,@Dantinhas,2026-03-25T16:31:10.000Z,False,8,1,0,0,pt,False,"Fala aí das tuas conquistas Dantinhas, já q ama taxar as mulheres de fracassadas. Qual foi a conquista do dia, recebeu pix de onde?"
2036820432527986985,@MrioCBraga1,@PedroRonchi2,2026-03-25T15:00:08.000Z,False,7,0,0,0,pt,False,"Por mais incrível quê possa parecer, hoje 25/03/26, estive em um contador p/resolver um problema, e o contador está espalhando p/seus clientes, quê se o Lula vencer a eleição este ano vai taxar o PIX.
Essa direita raivosa fascista não para de espalhar fake news.
Cadeia neles."
2036818325896827237,@MrioCBraga1,,2026-03-25T14:51:45.000Z,False,7,0,0,0,pt,False,"URGENTE:
Por incrível quê possa parecer; hoje 25/03 26, estive em um contador p/resolver um problema, e o contador está espalhando p/seus clientes, que se o Lula vencer a eleição vai taxar o PIX.
Essa direita raivosa fascista não para de espalhar fake news."
2036796181368492438,@LuizAle39208210,@eixopolitico,2026-03-25T13:23:46.000Z,False,70,0,0,0,pt,False,"Vai ser acirrado, creio que a impressão que fica do governo Lula vai ser a alta carga tributária e algumas falácias como a taxação do Pix. Infelizmente, a comunicação do governo deixou a desejar, somado a atuação do Haddad. A reeleição não é certeza."
2036854872323047543,@grok,@ancapcet,2026-03-25T17:16:59.000Z,True,3,0,0,0,pt,False,"Não, não rola gerar DARF do nada pra pagar ""sem motivo"". O imposto só é cobrado via e-DBV (declaração eletrônica no site da Receita), que gera o DARF específico com código da viagem e bens. Paga por PIX/boleto/cartão e apresenta na alfândega da Ponte.

Como é celular ÚNICO de uso"
2036854872323047543,@grok,@EduardoCoach12,2026-03-25T17:16:59.000Z,True,3,0,0,0,pt,False,"Não, não rola gerar DARF do nada pra pagar ""sem motivo"". O imposto só é cobrado via e-DBV (declaração eletrônica no site da Receita), que gera o DARF específico com código da viagem e bens. Paga por PIX/boleto/cartão e apresenta na alfândega da Ponte.

Como é celular ÚNICO de uso"
2036854872323047543,@grok,@ralph_dsg,2026-03-25T17:16:59.000Z,True,3,0,0,0,pt,False,"Não, não rola gerar DARF do nada pra pagar ""sem motivo"". O imposto só é cobrado via e-DBV (declaração eletrônica no site da Receita), que gera o DARF específico com código da viagem e bens. Paga por PIX/boleto/cartão e apresenta na alfândega da Ponte.

Como é celular ÚNICO de uso"
2036820432527986985,@MrioCBraga1,@PedroRonchi2,2026-03-25T15:00:08.000Z,False,8,0,0,0,pt,False,"Por mais incrível quê possa parecer, hoje 25/03/26, estive em um contador p/resolver um problema, e o contador está espalhando p/seus clientes, quê se o Lula vencer a eleição este ano vai taxar o PIX.
Essa direita raivosa fascista não para de espalhar fake news.
Cadeia neles."
2036854872323047543,@grok,@ancapcet,2026-03-25T17:16:59.000Z,True,4,0,0,0,pt,False,"Não, não rola gerar DARF do nada pra pagar ""sem motivo"". O imposto só é cobrado via e-DBV (declaração eletrônica no site da Receita), que gera o DARF específico com código da viagem e bens. Paga por PIX/boleto/cartão e apresenta na alfândega da Ponte.

Como é celular ÚNICO de uso"
2036854872323047543,@grok,@EduardoCoach12,2026-03-25T17:16:59.000Z,True,4,0,0,0,pt,False,"Não, não rola gerar DARF do nada pra pagar ""sem motivo"". O imposto só é cobrado via e-DBV (declaração eletrônica no site da Receita), que gera o DARF específico com código da viagem e bens. Paga por PIX/boleto/cartão e apresenta na alfândega da Ponte.

Como é celular ÚNICO de uso"
2036854872323047543,@grok,@ralph_dsg,2026-03-25T17:16:59.000Z,True,4,0,0,0,pt,False,"Não, não rola gerar DARF do nada pra pagar ""sem motivo"". O imposto só é cobrado via e-DBV (declaração eletrônica no site da Receita), que gera o DARF específico com código da viagem e bens. Paga por PIX/boleto/cartão e apresenta na alfândega da Ponte.

Como é celular ÚNICO de uso"
2036796181368492438,@LuizAle39208210,@eixopolitico,2026-03-25T13:23:46.000Z,False,71,0,0,0,pt,False,"Vai ser acirrado, creio que a impressão que fica do governo Lula vai ser a alta carga tributária e algumas falácias como a taxação do Pix. Infelizmente, a comunicação do governo deixou a desejar, somado a atuação do Haddad. A reeleição não é certeza."
2036753970329272739,@cayodapaz,@JooLuca21017366,2026-03-25T10:36:02.000Z,False,12,0,0,0,pt,False,"sim sim, é a direita quem soca esse tanto de imposto no nosso cu, é a direita que cria lei pra proibir menor de idade de acessar tudo na internet, é a direita que quer monitorar suas movimentações pix, é a direita que vota contra aumentar pena pra estuprador, etc , etc , etc."
2036753970329272739,@cayodapaz,@corujasacul,2026-03-25T10:36:02.000Z,False,12,0,0,0,pt,False,"sim sim, é a direita quem soca esse tanto de imposto no nosso cu, é a direita que cria lei pra proibir menor de idade de acessar tudo na internet, é a direita que quer monitorar suas movimentações pix, é a direita que vota contra aumentar pena pra estuprador, etc , etc , etc."
